Group,Class,Type,Number
FN_Flash,FN,Flash,flipped_C_12 (5).jpg
FN_Flash,FN,Flash,flipped_C_9 (17).jpg
FN_Flash,FN,Flash,flipped_C_2 (3).jpg
FN_Flash,FN,Flash,flipped_C_9 (7).jpg
FN_Flash,FN,Flash,flipped_C_4 (3).jpg
FN_Flash,FN,Flash,C_8 (17).jpg
FN_Flash,FN,Flash,C_9 (21).jpg
FN_Flash,FN,Flash,C_10 (7).jpg
FN_Flash,FN,Flash,flipped_C_8 (8).jpg
FN_Flash,FN,Flash,flipped_C_8 (19).jpg
FN_Flash,FN,Flash,flipped_C_15 (8).jpg
FN_Flash,FN,Flash,C_1 (3).jpg
FN_Flash,FN,Flash,C_11 (20).jpg
FN_Flash,FN,Flash,flipped_C_12 (18).jpg
FN_Flash,FN,Flash,flipped_C_16 (3).jpg
FN_Flash,FN,Flash,C_1 (18).jpg
FN_Flash,FN,Flash,C_12 (8).jpg
FN_Flash,FN,Flash,C_12 (22).jpg
FN_Flash,FN,Flash,flipped_C_9 (9).jpg
FN_Flash,FN,Flash,flipped_C_2 (21).jpg
FN_Flash,FN,Flash,C_12 (19).jpg
FN_Flash,FN,Flash,flipped_C_9.jpg
FN_Flash,FN,Flash,C_16 (18).jpg
FN_Flash,FN,Flash,flipped_C_14 (6).jpg
FN_Flash,FN,Flash,flipped_C_2 (15).jpg
FN_Flash,FN,Flash,C_10 (19).jpg
FN_Flash,FN,Flash,C_3 (22).jpg
FN_Flash,FN,Flash,C_4 (19).jpg
FN_Flash,FN,Flash,flipped_C_5 (9).jpg
FN_Flash,FN,Flash,flipped_C_11 (9).jpg
FN_Flash,FN,Flash,C_1 (11).jpg
FN_Flash,FN,Flash,flipped_C_11 (13).jpg
FN_Flash,FN,Flash,flipped_C_6 (13).jpg
FN_Flash,FN,Flash,C_8 (18).jpg
FN_Flash,FN,Flash,flipped_C_10 (4).jpg
FN_Flash,FN,Flash,flipped_C_15 (15).jpg
FN_Flash,FN,Flash,flipped_C_1 (18).jpg
FN_Flash,FN,Flash,flipped_C_1 (21).jpg
FN_Flash,FN,Flash,flipped_C_2 (9).jpg
FN_Flash,FN,Flash,C_8 (20).jpg
FN_Flash,FN,Flash,C_14 (13).jpg
FN_Flash,FN,Flash,flipped_C_14 (5).jpg
FN_Flash,FN,Flash,C_13 (4).jpg
FN_Flash,FN,Flash,C_6 (14).jpg
FN_Flash,FN,Flash,C_15 (2).jpg
FN_Flash,FN,Flash,C_8 (2).jpg
FN_Flash,FN,Flash,C_7 (9).jpg
FN_Flash,FN,Flash,C_4 (12).jpg
FN_Flash,FN,Flash,C_4 (9).jpg
FN_Flash,FN,Flash,C_9 (12).jpg
FN_Flash,FN,Flash,flipped_C_14 (13).jpg
FN_Flash,FN,Flash,C_7 (4).jpg
FN_Flash,FN,Flash,flipped_C_4 (11).jpg
FN_Flash,FN,Flash,flipped_C_14 (19).jpg
FN_Flash,FN,Flash,flipped_C_7 (22).jpg
FN_Flash,FN,Flash,flipped_C_7 (13).jpg
FN_Flash,FN,Flash,flipped_C_2.jpg
FN_Flash,FN,Flash,flipped_C_7 (7).jpg
FN_Flash,FN,Flash,C_14 (21).jpg
FN_Flash,FN,Flash,flipped_C_6 (17).jpg
FN_Flash,FN,Flash,C_16 (5).jpg
FN_Flash,FN,Flash,C_3 (14).jpg
FN_Flash,FN,Flash,C_11 (16).jpg
FN_Flash,FN,Flash,C_8 (8).jpg
FN_Flash,FN,Flash,flipped_C_1 (3).jpg
FN_Flash,FN,Flash,flipped_C_5 (4).jpg
FN_Flash,FN,Flash,C_1 (2).jpg
FN_Flash,FN,Flash,C_12 (12).jpg
FN_Flash,FN,Flash,flipped_C_14 (22).jpg
FN_Flash,FN,Flash,flipped_C_9 (5).jpg
FN_Flash,FN,Flash,flipped_C_8 (7).jpg
FN_Flash,FN,Flash,flipped_C_3 (18).jpg
FN_Flash,FN,Flash,C_2 (6).jpg
FN_Flash,FN,Flash,flipped_C_14 (4).jpg
FN_Flash,FN,Flash,C_5 (11).jpg
FN_Flash,FN,Flash,flipped_C_7 (5).jpg
FN_Flash,FN,Flash,flipped_C_13 (7).jpg
FN_Flash,FN,Flash,flipped_C_11 (20).jpg
FN_Flash,FN,Flash,flipped_C_10 (7).jpg
FN_Flash,FN,Flash,flipped_C_8 (21).jpg
FN_Flash,FN,Flash,C_16 (7).jpg
FN_Flash,FN,Flash,C_9 (17).jpg
FN_Flash,FN,Flash,C_16.jpg
FN_Flash,FN,Flash,flipped_C_1 (2).jpg
FN_Flash,FN,Flash,C_4 (5).jpg
FN_Flash,FN,Flash,C_8 (14).jpg
FN_Flash,FN,Flash,flipped_C_14.jpg
FN_Flash,FN,Flash,C_10 (4).jpg
FN_Flash,FN,Flash,flipped_C_13 (21).jpg
FN_Flash,FN,Flash,C_2 (20).jpg
FN_Flash,FN,Flash,C_6 (4).jpg
FN_Flash,FN,Flash,flipped_C_16 (15).jpg
FN_Flash,FN,Flash,C_1 (7).jpg
FN_Flash,FN,Flash,C_5 (5).jpg
FN_Flash,FN,Flash,C_12 (2).jpg
FN_Flash,FN,Flash,C_11 (9).jpg
FN_Flash,FN,Flash,flipped_C_3 (20).jpg
FN_Flash,FN,Flash,C_9 (13).jpg
FN_Flash,FN,Flash,C_9 (5).jpg
FN_Flash,FN,Flash,flipped_C_4 (13).jpg
FN_Flash,FN,Flash,C_8 (12).jpg
FN_Flash,FN,Flash,C_5 (15).jpg
FN_Flash,FN,Flash,C_5 (17).jpg
FN_Flash,FN,Flash,C_4 (20).jpg
FN_Flash,FN,Flash,C_6 (12).jpg
FN_Flash,FN,Flash,C_16 (13).jpg
FN_Flash,FN,Flash,C_9 (11).jpg
FN_Flash,FN,Flash,flipped_C_3 (12).jpg
FN_Flash,FN,Flash,flipped_C_16 (22).jpg
FN_Flash,FN,Flash,flipped_C_3 (3).jpg
FN_Flash,FN,Flash,flipped_C_2 (18).jpg
FN_Flash,FN,Flash,C_13 (19).jpg
FN_Flash,FN,Flash,flipped_C_1 (4).jpg
FN_Flash,FN,Flash,flipped_C_14 (21).jpg
FN_Flash,FN,Flash,flipped_C_7 (12).jpg
FN_Flash,FN,Flash,C_6 (8).jpg
FN_Flash,FN,Flash,C_1 (6).jpg
FN_Flash,FN,Flash,C_5 (8).jpg
FN_Flash,FN,Flash,C_3 (5).jpg
FN_Flash,FN,Flash,flipped_C_12 (19).jpg
FN_Flash,FN,Flash,flipped_C_7 (20).jpg
FN_Flash,FN,Flash,flipped_C_9 (14).jpg
FN_Flash,FN,Flash,C_4 (4).jpg
FN_Flash,FN,Flash,C_16 (12).jpg
FN_Flash,FN,Flash,C_11 (11).jpg
FN_Flash,FN,Flash,flipped_C_15 (11).jpg
FN_Flash,FN,Flash,C_11 (7).jpg
FN_Flash,FN,Flash,C_4 (8).jpg
FN_Flash,FN,Flash,C_15 (18).jpg
FN_Flash,FN,Flash,flipped_C_11 (5).jpg
FN_Flash,FN,Flash,C_14 (6).jpg
FN_Flash,FN,Flash,flipped_C_14 (3).jpg
FN_Flash,FN,Flash,C_15 (21).jpg
FN_Flash,FN,Flash,C_1.jpg
FN_Flash,FN,Flash,flipped_C_2 (11).jpg
FN_Flash,FN,Flash,flipped_C_9 (18).jpg
FN_Flash,FN,Flash,C_10 (22).jpg
FN_Flash,FN,Flash,flipped_C_12 (10).jpg
FN_Flash,FN,Flash,C_5 (2).jpg
FN_Flash,FN,Flash,C_6 (3).jpg
FN_Flash,FN,Flash,C_12 (20).jpg
FN_Flash,FN,Flash,C_5 (18).jpg
FN_Flash,FN,Flash,C_13 (22).jpg
FN_Flash,FN,Flash,flipped_C_1 (10).jpg
FN_Flash,FN,Flash,flipped_C_10 (5).jpg
FN_Flash,FN,Flash,C_2 (15).jpg
FN_Flash,FN,Flash,flipped_C_4 (20).jpg
FN_Flash,FN,Flash,flipped_C_10 (10).jpg
FN_Flash,FN,Flash,flipped_C_3 (17).jpg
FN_Flash,FN,Flash,flipped_C_9 (22).jpg
FN_Flash,FN,Flash,flipped_C_15 (4).jpg
FN_Flash,FN,Flash,C_3 (6).jpg
FN_Flash,FN,Flash,C_16 (20).jpg
FN_Flash,FN,Flash,C_7 (6).jpg
FN_Flash,FN,Flash,C_10 (21).jpg
FN_Flash,FN,Flash,flipped_C_16 (18).jpg
FN_Flash,FN,Flash,flipped_C_2 (14).jpg
FN_Flash,FN,Flash,flipped_C_4 (21).jpg
FN_Flash,FN,Flash,C_16 (11).jpg
FN_Flash,FN,Flash,flipped_C_14 (16).jpg
FN_Flash,FN,Flash,flipped_C_1 (11).jpg
FN_Flash,FN,Flash,C_3 (21).jpg
FN_Flash,FN,Flash,flipped_C_15 (7).jpg
FN_Flash,FN,Flash,C_1 (21).jpg
FN_Flash,FN,Flash,C_9 (10).jpg
FN_Flash,FN,Flash,flipped_C_3 (6).jpg
FN_Flash,FN,Flash,flipped_C_13 (19).jpg
FN_Flash,FN,Flash,flipped_C_1 (12).jpg
FN_Flash,FN,Flash,C_9 (3).jpg
FN_Flash,FN,Flash,C_12 (21).jpg
FN_Flash,FN,Flash,flipped_C_15 (10).jpg
FN_Flash,FN,Flash,C_12 (10).jpg
FN_Flash,FN,Flash,C_5 (13).jpg
FN_Flash,FN,Flash,C_8 (6).jpg
FN_Flash,FN,Flash,flipped_C_7 (17).jpg
FN_Flash,FN,Flash,flipped_C_9 (4).jpg
FN_Flash,FN,Flash,flipped_C_10 (11).jpg
FN_Flash,FN,Flash,flipped_C_8 (20).jpg
FN_Flash,FN,Flash,flipped_C_6 (20).jpg
FN_Flash,FN,Flash,C_1 (16).jpg
FN_Flash,FN,Flash,flipped_C_5 (3).jpg
FN_Flash,FN,Flash,flipped_C_11 (14).jpg
FN_Flash,FN,Flash,flipped_C_13 (9).jpg
FN_Flash,FN,Flash,flipped_C_7 (21).jpg
FN_Flash,FN,Flash,flipped_C_4 (22).jpg
FN_Flash,FN,Flash,C_13 (5).jpg
FN_Flash,FN,Flash,flipped_C_6 (9).jpg
FN_Flash,FN,Flash,C_2 (21).jpg
FN_Flash,FN,Flash,flipped_C_11 (15).jpg
FN_Flash,FN,Flash,C_9 (19).jpg
FN_Flash,FN,Flash,flipped_C_15.jpg
FN_Flash,FN,Flash,C_13 (12).jpg
FN_Flash,FN,Flash,flipped_C_9 (21).jpg
FN_Flash,FN,Flash,C_14 (18).jpg
FN_Flash,FN,Flash,C_7 (22).jpg
FN_Flash,FN,Flash,flipped_C_8 (15).jpg
FN_Flash,FN,Flash,C_3 (9).jpg
FN_Flash,FN,Flash,flipped_C_16 (6).jpg
FN_Flash,FN,Flash,flipped_C_15 (21).jpg
FN_Flash,FN,Flash,flipped_C_4 (10).jpg
FN_Flash,FN,Flash,flipped_C_2 (12).jpg
FN_Flash,FN,Flash,flipped_C_2 (20).jpg
FN_Flash,FN,Flash,C_3 (17).jpg
FN_Flash,FN,Flash,C_5 (10).jpg
FN_Flash,FN,Flash,flipped_C_15 (6).jpg
FN_Flash,FN,Flash,C_2 (3).jpg
FN_Flash,FN,Flash,flipped_C_15 (9).jpg
FN_Flash,FN,Flash,C_9 (18).jpg
FN_Flash,FN,Flash,C_2 (7).jpg
FN_Flash,FN,Flash,flipped_C_12 (2).jpg
FN_Flash,FN,Flash,C_15 (10).jpg
FN_Flash,FN,Flash,C_4 (22).jpg
FN_Flash,FN,Flash,C_16 (8).jpg
FN_Flash,FN,Flash,flipped_C_9 (10).jpg
FN_Flash,FN,Flash,flipped_C_2 (16).jpg
FN_Flash,FN,Flash,C_3 (18).jpg
FN_Flash,FN,Flash,C_13 (18).jpg
FN_Flash,FN,Flash,flipped_C_5 (20).jpg
FN_Flash,FN,Flash,C_7 (5).jpg
FN_Flash,FN,Flash,C_13 (11).jpg
FN_Flash,FN,Flash,flipped_C_10 (21).jpg
FN_Flash,FN,Flash,C_2 (13).jpg
FN_Flash,FN,Flash,C_1 (10).jpg
FN_Flash,FN,Flash,C_16 (6).jpg
FN_Flash,FN,Flash,flipped_C_5 (17).jpg
FN_Flash,FN,Flash,C_9 (14).jpg
FN_Flash,FN,Flash,C_13 (8).jpg
FN_Flash,FN,Flash,C_15 (11).jpg
FN_Flash,FN,Flash,flipped_C_7 (15).jpg
FN_Flash,FN,Flash,flipped_C_11 (17).jpg
FN_Flash,FN,Flash,C_13 (3).jpg
FN_Flash,FN,Flash,C_13 (9).jpg
FN_Flash,FN,Flash,C_3 (4).jpg
FN_Flash,FN,Flash,flipped_C_12 (3).jpg
FN_Flash,FN,Flash,C_5 (14).jpg
FN_Flash,FN,Flash,flipped_C_12 (14).jpg
FN_Flash,FN,Flash,flipped_C_13 (11).jpg
FN_Flash,FN,Flash,C_14 (4).jpg
FN_Flash,FN,Flash,flipped_C_11 (16).jpg
FN_Flash,FN,Flash,flipped_C_1 (22).jpg
FN_Flash,FN,Flash,flipped_C_3 (9).jpg
FN_Flash,FN,Flash,C_4 (14).jpg
FN_Flash,FN,Flash,C_10 (14).jpg
FN_Flash,FN,Flash,C_8 (15).jpg
FN_Flash,FN,Flash,C_1 (13).jpg
FN_Flash,FN,Flash,C_15 (12).jpg
FN_Flash,FN,Flash,flipped_C_15 (13).jpg
FN_Flash,FN,Flash,C_2 (2).jpg
FN_Flash,FN,Flash,flipped_C_12 (6).jpg
FN_Flash,FN,Flash,C_7 (19).jpg
FN_Flash,FN,Flash,flipped_C_4 (6).jpg
FN_Flash,FN,Flash,flipped_C_3 (16).jpg
FN_Flash,FN,Flash,C_4 (15).jpg
FN_Flash,FN,Flash,flipped_C_4 (15).jpg
FN_Flash,FN,Flash,flipped_C_11 (18).jpg
FN_Flash,FN,Flash,flipped_C_14 (15).jpg
FN_Flash,FN,Flash,flipped_C_8 (22).jpg
FN_Flash,FN,Flash,flipped_C_13 (10).jpg
FN_Flash,FN,Flash,flipped_C_13 (3).jpg
FN_Flash,FN,Flash,flipped_C_16 (7).jpg
FN_Flash,FN,Flash,flipped_C_2 (13).jpg
FN_Flash,FN,Flash,flipped_C_15 (16).jpg
FN_Flash,FN,Flash,C_1 (9).jpg
FN_Flash,FN,Flash,C_5 (6).jpg
FN_Flash,FN,Flash,flipped_C_4 (7).jpg
FN_Flash,FN,Flash,C_15 (15).jpg
FN_Flash,FN,Flash,flipped_C_7 (4).jpg
FN_Flash,FN,Flash,C_1 (17).jpg
FN_Flash,FN,Flash,flipped_C_7 (19).jpg
FN_Flash,FN,Flash,C_8 (11).jpg
FN_Flash,FN,Flash,flipped_C_14 (9).jpg
FN_Flash,FN,Flash,C_2 (19).jpg
FN_Flash,FN,Flash,flipped_C_11 (21).jpg
FN_Flash,FN,Flash,C_11 (2).jpg
FN_Flash,FN,Flash,C_13 (21).jpg
FN_Flash,FN,Flash,flipped_C_16 (4).jpg
FN_Flash,FN,Flash,flipped_C_4 (18).jpg
FN_Flash,FN,Flash,flipped_C_8 (18).jpg
FN_Flash,FN,Flash,C_11 (21).jpg
FN_Flash,FN,Flash,C_11 (5).jpg
FN_Flash,FN,Flash,flipped_C_13 (13).jpg
FN_Flash,FN,Flash,C_5 (9).jpg
FN_Flash,FN,Flash,C_6 (10).jpg
FN_Flash,FN,Flash,flipped_C_11 (2).jpg
FN_Flash,FN,Flash,C_3 (2).jpg
FN_Flash,FN,Flash,flipped_C_12 (12).jpg
FN_Flash,FN,Flash,flipped_C_11 (11).jpg
FN_Flash,FN,Flash,C_16 (22).jpg
FN_Flash,FN,Flash,C_10 (5).jpg
FN_Flash,FN,Flash,C_7 (3).jpg
FN_Flash,FN,Flash,flipped_C_13 (17).jpg
FN_Flash,FN,Flash,C_16 (19).jpg
FN_Flash,FN,Flash,C_14 (3).jpg
FN_Flash,FN,Flash,C_16 (10).jpg
FN_Flash,FN,Flash,C_9 (16).jpg
FN_Flash,FN,Flash,flipped_C_12 (7).jpg
FN_Flash,FN,Flash,flipped_C_8 (11).jpg
FN_Flash,FN,Flash,flipped_C_3 (13).jpg
FN_Flash,FN,Flash,C_9 (22).jpg
FN_Flash,FN,Flash,flipped_C_10 (20).jpg
FN_Flash,FN,Flash,flipped_C_12 (11).jpg
FN_Flash,FN,Flash,C_16 (14).jpg
FN_Flash,FN,Flash,C_11 (17).jpg
FN_Flash,FN,Flash,flipped_C_5 (7).jpg
FN_Flash,FN,Flash,flipped_C_14 (18).jpg
FN_Flash,FN,Flash,flipped_C_13 (5).jpg
FN_Flash,FN,Flash,flipped_C_1 (19).jpg
FN_Flash,FN,Flash,flipped_C_8.jpg
FN_Flash,FN,Flash,C_3.jpg
FN_Flash,FN,Flash,C_12 (18).jpg
FN_Flash,FN,Flash,C_6 (7).jpg
FN_Flash,FN,Flash,flipped_C_13 (6).jpg
FN_Flash,FN,Flash,C_1 (14).jpg
FN_Flash,FN,Flash,flipped_C_3 (5).jpg
FN_Flash,FN,Flash,flipped_C_2 (6).jpg
FN_Flash,FN,Flash,flipped_C_7 (18).jpg
FN_Flash,FN,Flash,flipped_C_16 (13).jpg
FN_Flash,FN,Flash,C_1 (15).jpg
FN_Flash,FN,Flash,C_15 (19).jpg
FN_Flash,FN,Flash,flipped_C_16 (20).jpg
FN_Flash,FN,Flash,flipped_C_10 (14).jpg
FN_Flash,FN,Flash,flipped_C_6 (5).jpg
FN_Flash,FN,Flash,C_10 (10).jpg
FN_Flash,FN,Flash,flipped_C_6.jpg
FN_Flash,FN,Flash,C_6 (21).jpg
FN_Flash,FN,Flash,C_6 (9).jpg
FN_Flash,FN,Flash,C_6 (16).jpg
FN_Flash,FN,Flash,flipped_C_8 (3).jpg
FN_Flash,FN,Flash,C_6 (6).jpg
FN_Flash,FN,Flash,C_4 (10).jpg
FN_Flash,FN,Flash,flipped_C_7 (10).jpg
FN_Flash,FN,Flash,C_8 (21).jpg
FN_Flash,FN,Flash,flipped_C_15 (17).jpg
FN_Flash,FN,Flash,C_14 (2).jpg
FN_Flash,FN,Flash,flipped_C_9 (19).jpg
FN_Flash,FN,Flash,C_1 (22).jpg
FN_Flash,FN,Flash,flipped_C_9 (11).jpg
FN_Flash,FN,Flash,flipped_C_8 (5).jpg
FN_Flash,FN,Flash,C_16 (16).jpg
FN_Flash,FN,Flash,C_4 (7).jpg
FN_Flash,FN,Flash,flipped_C_10 (15).jpg
FN_Flash,FN,Flash,flipped_C_15 (19).jpg
FN_Flash,FN,Flash,flipped_C_15 (5).jpg
FN_Flash,FN,Flash,flipped_C_16.jpg
FN_Flash,FN,Flash,C_2 (8).jpg
FN_Flash,FN,Flash,C_2 (4).jpg
FN_Flash,FN,Flash,C_14 (16).jpg
FN_Flash,FN,Flash,flipped_C_2 (2).jpg
FN_Flash,FN,Flash,flipped_C_4 (16).jpg
FN_Flash,FN,Flash,C_16 (2).jpg
FN_Flash,FN,Flash,C_1 (5).jpg
FN_Flash,FN,Flash,flipped_C_10 (2).jpg
FN_Flash,FN,Flash,C_13 (6).jpg
FN_Flash,FN,Flash,flipped_C_15 (22).jpg
FN_Flash,FN,Flash,flipped_C_8 (14).jpg
FN_Flash,FN,Flash,C_9 (4).jpg
FN_Flash,FN,Flash,flipped_C_6 (10).jpg
FN_Flash,FN,Flash,flipped_C_11 (19).jpg
FN_Flash,FN,Flash,flipped_C_16 (9).jpg
FN_Flash,FN,Flash,C_13 (15).jpg
FN_Flash,FN,Flash,flipped_C_12 (4).jpg
FN_Flash,FN,Flash,C_12 (6).jpg
FN_Flash,FN,Flash,flipped_C_5 (11).jpg
FN_Flash,FN,Flash,C_9 (7).jpg
FN_Flash,FN,Flash,flipped_C_2 (8).jpg
FN_Flash,FN,Flash,flipped_C_13 (4).jpg
FN_Flash,FN,Flash,C_3 (10).jpg
FN_Flash,FN,Flash,C_15 (22).jpg
FN_Flash,FN,Flash,flipped_C_11 (7).jpg
FN_Flash,FN,Flash,flipped_C_16 (12).jpg
FN_Flash,FN,Flash,C_10 (6).jpg
FN_Flash,FN,Flash,flipped_C_16 (21).jpg
FN_Flash,FN,Flash,flipped_C_16 (2).jpg
FN_Flash,FN,Flash,flipped_C_7 (16).jpg
FN_Flash,FN,Flash,flipped_C_7 (3).jpg
FN_Flash,FN,Flash,flipped_C_6 (4).jpg
FN_Flash,FN,Flash,flipped_C_4 (17).jpg
FN_Flash,FN,Flash,flipped_C_9 (2).jpg
FN_Flash,FN,Flash,flipped_C_1 (15).jpg
FN_Flash,FN,Flash,C_12 (13).jpg
FN_Flash,FN,Flash,C_9 (2).jpg
FN_Flash,FN,Flash,C_4 (11).jpg
FN_Flash,FN,Flash,flipped_C_7 (9).jpg
FN_Flash,FN,Flash,C_15 (3).jpg
FN_Flash,FN,Flash,C_7 (13).jpg
FN_Flash,FN,Flash,C_4.jpg
FN_Flash,FN,Flash,C_10 (17).jpg
FN_Flash,FN,Flash,flipped_C_6 (21).jpg
FN_Flash,FN,Flash,flipped_C_15 (20).jpg
FN_Flash,FN,Flash,flipped_C_9 (6).jpg
FN_Flash,FN,Flash,flipped_C_3 (7).jpg
FN_Flash,FN,Flash,flipped_C_6 (3).jpg
FN_Flash,FN,Flash,flipped_C_6 (15).jpg
FN_Flash,FN,Flash,C_9 (6).jpg
FN_Flash,FN,Flash,flipped_C_10 (12).jpg
FN_Flash,FN,Flash,flipped_C_2 (17).jpg
FN_Flash,FN,Flash,flipped_C_7 (6).jpg
FN_Flash,FN,Flash,flipped_C_5 (18).jpg
FN_Flash,FN,Flash,flipped_C_2 (22).jpg
FN_Flash,FN,Flash,C_2 (22).jpg
FN_No Flash,FN,No Flash,C_11 (15).jpg
FN_No Flash,FN,No Flash,C_3 (22).jpg
FN_No Flash,FN,No Flash,C_5 (17).jpg
FN_No Flash,FN,No Flash,C_15 (2).jpg
FN_No Flash,FN,No Flash,Healthy_99.jpg
FN_No Flash,FN,No Flash,Healthy_144.jpg
FN_No Flash,FN,No Flash,Healthy_133.jpg
FN_No Flash,FN,No Flash,Healthy_21.jpg
FN_No Flash,FN,No Flash,Healthy_199.jpg
FN_No Flash,FN,No Flash,Healthy_108.jpg
FN_No Flash,FN,No Flash,C_2 (7).jpg
FN_No Flash,FN,No Flash,C_7 (9).jpg
FN_No Flash,FN,No Flash,Healthy_166.jpg
FN_No Flash,FN,No Flash,Healthy_123.jpg
FN_No Flash,FN,No Flash,C_5 (15).jpg
FN_No Flash,FN,No Flash,Healthy_222.jpg
FN_No Flash,FN,No Flash,Healthy_164.jpg
FN_No Flash,FN,No Flash,C_16 (18).jpg
FN_No Flash,FN,No Flash,Healthy_28.jpg
FN_No Flash,FN,No Flash,C_2 (3).jpg
FN_No Flash,FN,No Flash,C_8 (13).jpg
FN_No Flash,FN,No Flash,C_11 (20).jpg
FN_No Flash,FN,No Flash,Healthy_103.jpg
FN_No Flash,FN,No Flash,C_6 (8).jpg
FN_No Flash,FN,No Flash,C_2 (6).jpg
FN_No Flash,FN,No Flash,C_4 (12).jpg
FN_No Flash,FN,No Flash,C_4 (2).jpg
FN_No Flash,FN,No Flash,C_5 (18).jpg
FN_No Flash,FN,No Flash,C_1 (6).jpg
FN_No Flash,FN,No Flash,C_2 (12).jpg
FN_No Flash,FN,No Flash,C_9.jpg
FN_No Flash,FN,No Flash,Healthy_173.jpg
FN_No Flash,FN,No Flash,C_3 (17).jpg
FN_No Flash,FN,No Flash,C_12 (8).jpg
FN_No Flash,FN,No Flash,Healthy_141.jpg
FN_No Flash,FN,No Flash,C_11 (14).jpg
FN_No Flash,FN,No Flash,Healthy_203.jpg
FN_No Flash,FN,No Flash,Healthy_90.jpg
FN_No Flash,FN,No Flash,C_11 (18).jpg
FN_No Flash,FN,No Flash,C_1 (3).jpg
FN_No Flash,FN,No Flash,C_3 (21).jpg
FN_No Flash,FN,No Flash,C_9 (18).jpg
FN_No Flash,FN,No Flash,C_15 (21).jpg
FN_No Flash,FN,No Flash,C_9 (22).jpg
FN_No Flash,FN,No Flash,Healthy_235.jpg
FN_No Flash,FN,No Flash,C_1 (11).jpg
FN_No Flash,FN,No Flash,Healthy_232.jpg
FN_No Flash,FN,No Flash,C_9 (14).jpg
FN_No Flash,FN,No Flash,Healthy_85.jpg
FN_No Flash,FN,No Flash,C_12 (20).jpg
FN_No Flash,FN,No Flash,C_16 (5).jpg
FN_No Flash,FN,No Flash,Healthy_111.jpg
FN_No Flash,FN,No Flash,C_11 (7).jpg
FN_No Flash,FN,No Flash,C_1 (18).jpg
FN_No Flash,FN,No Flash,Healthy_171.jpg
FN_No Flash,FN,No Flash,C_1.jpg
FN_No Flash,FN,No Flash,Healthy_29.jpg
FN_No Flash,FN,No Flash,C_8 (2).jpg
FN_No Flash,FN,No Flash,Healthy_122.jpg
FN_No Flash,FN,No Flash,C_4 (22).jpg
FN_No Flash,FN,No Flash,Healthy_69.jpg
FN_No Flash,FN,No Flash,C_2 (9).jpg
FN_No Flash,FN,No Flash,C_4 (15).jpg
FN_No Flash,FN,No Flash,C_10 (4).jpg
FN_No Flash,FN,No Flash,C_2 (20).jpg
FN_No Flash,FN,No Flash,Healthy_191.jpg
FN_No Flash,FN,No Flash,C_10 (21).jpg
FN_No Flash,FN,No Flash,Healthy_12.jpg
FN_No Flash,FN,No Flash,C_11 (9).jpg
FN_No Flash,FN,No Flash,Healthy_2.jpg
FN_No Flash,FN,No Flash,C_5 (8).jpg
FN_No Flash,FN,No Flash,Healthy_138.jpg
FN_No Flash,FN,No Flash,C_3 (12).jpg
FN_No Flash,FN,No Flash,C_9 (16).jpg
FN_No Flash,FN,No Flash,Healthy_57.jpg
FN_No Flash,FN,No Flash,C_1 (21).jpg
FN_No Flash,FN,No Flash,Healthy_13.jpg
FN_No Flash,FN,No Flash,Healthy_112.jpg
FN_No Flash,FN,No Flash,C_11 (16).jpg
FN_No Flash,FN,No Flash,Healthy_147.jpg
FN_No Flash,FN,No Flash,Healthy_117.jpg
FN_No Flash,FN,No Flash,C_12 (21).jpg
FN_No Flash,FN,No Flash,C_13 (4).jpg
FN_No Flash,FN,No Flash,C_16 (7).jpg
FN_No Flash,FN,No Flash,C_13 (14).jpg
FN_No Flash,FN,No Flash,C_8 (18).jpg
FN_No Flash,FN,No Flash,Healthy_51.jpg
FN_No Flash,FN,No Flash,Healthy_179.jpg
FN_No Flash,FN,No Flash,Healthy_72.jpg
FN_No Flash,FN,No Flash,Healthy_190.jpg
FN_No Flash,FN,No Flash,C_1 (4).jpg
FN_No Flash,FN,No Flash,Healthy_148.jpg
FN_No Flash,FN,No Flash,C_11 (11).jpg
FN_No Flash,FN,No Flash,C_1 (16).jpg
FN_No Flash,FN,No Flash,C_8 (10).jpg
FN_No Flash,FN,No Flash,C_6 (17).jpg
FN_No Flash,FN,No Flash,Healthy_102.jpg
FN_No Flash,FN,No Flash,C_12 (19).jpg
FN_No Flash,FN,No Flash,Healthy_16.jpg
FN_No Flash,FN,No Flash,Healthy_229.jpg
FN_No Flash,FN,No Flash,Healthy_46.jpg
FN_No Flash,FN,No Flash,C_6 (12).jpg
FN_No Flash,FN,No Flash,C_7 (21).jpg
FN_No Flash,FN,No Flash,C_16 (13).jpg
FN_No Flash,FN,No Flash,Healthy_88.jpg
FN_No Flash,FN,No Flash,C_6.jpg
FN_No Flash,FN,No Flash,C_13 (12).jpg
FN_No Flash,FN,No Flash,Healthy_264.jpg
FN_No Flash,FN,No Flash,Healthy_64.jpg
FN_No Flash,FN,No Flash,C_14 (18).jpg
FN_No Flash,FN,No Flash,Healthy_146.jpg
FN_No Flash,FN,No Flash,C_9 (3).jpg
FN_No Flash,FN,No Flash,Healthy_228.jpg
FN_No Flash,FN,No Flash,Healthy_158.jpg
FN_No Flash,FN,No Flash,C_4 (8).jpg
FN_No Flash,FN,No Flash,C_5 (11).jpg
FN_No Flash,FN,No Flash,C_7 (17).jpg
FN_No Flash,FN,No Flash,C_8 (20).jpg
FN_No Flash,FN,No Flash,C_15 (10).jpg
FN_No Flash,FN,No Flash,Healthy_30.jpg
FN_No Flash,FN,No Flash,C_5 (13).jpg
FN_No Flash,FN,No Flash,Healthy_167.jpg
FN_No Flash,FN,No Flash,C_2 (15).jpg
FN_No Flash,FN,No Flash,Healthy_185.jpg
FN_No Flash,FN,No Flash,C_13 (18).jpg
FN_No Flash,FN,No Flash,C_8 (15).jpg
FN_No Flash,FN,No Flash,Healthy_263.jpg
FN_No Flash,FN,No Flash,C_3 (14).jpg
FN_No Flash,FN,No Flash,Healthy_142.jpg
FN_No Flash,FN,No Flash,C_16 (20).jpg
FN_No Flash,FN,No Flash,Healthy_40.jpg
FN_No Flash,FN,No Flash,C_4 (9).jpg
FN_No Flash,FN,No Flash,C_7 (7).jpg
FN_No Flash,FN,No Flash,C_13 (8).jpg
FN_No Flash,FN,No Flash,Healthy_128.jpg
FN_No Flash,FN,No Flash,Healthy_129.jpg
FN_No Flash,FN,No Flash,C_1 (10).jpg
FN_No Flash,FN,No Flash,C_3 (18).jpg
FN_No Flash,FN,No Flash,C_12 (15).jpg
FN_No Flash,FN,No Flash,C_16 (8).jpg
FN_No Flash,FN,No Flash,C_13 (3).jpg
FN_No Flash,FN,No Flash,Healthy_79.jpg
FN_No Flash,FN,No Flash,Healthy_9.jpg
FN_No Flash,FN,No Flash,Healthy_160.jpg
FN_No Flash,FN,No Flash,C_7 (22).jpg
FN_No Flash,FN,No Flash,Healthy_193.jpg
FN_No Flash,FN,No Flash,Healthy_216.jpg
FN_No Flash,FN,No Flash,C_10 (14).jpg
FN_No Flash,FN,No Flash,Healthy_181.jpg
FN_No Flash,FN,No Flash,C_9 (13).jpg
FN_No Flash,FN,No Flash,C_5 (14).jpg
FN_No Flash,FN,No Flash,Healthy_114.jpg
FN_No Flash,FN,No Flash,Healthy_218.jpg
FN_No Flash,FN,No Flash,C_4 (19).jpg
FN_No Flash,FN,No Flash,C_15 (12).jpg
FN_No Flash,FN,No Flash,Healthy_223.jpg
FN_No Flash,FN,No Flash,Healthy_8.jpg
FN_No Flash,FN,No Flash,C_2 (2).jpg
FN_No Flash,FN,No Flash,C_8 (6).jpg
FN_No Flash,FN,No Flash,C_9 (4).jpg
FN_No Flash,FN,No Flash,C_4 (5).jpg
FN_No Flash,FN,No Flash,Healthy_59.jpg
FN_No Flash,FN,No Flash,C_7 (6).jpg
FN_No Flash,FN,No Flash,C_15 (18).jpg
FN_No Flash,FN,No Flash,C_16 (6).jpg
FN_No Flash,FN,No Flash,Healthy_104.jpg
FN_No Flash,FN,No Flash,C_14 (13).jpg
FN_No Flash,FN,No Flash,C_1 (7).jpg
FN_No Flash,FN,No Flash,C_4 (4).jpg
FN_No Flash,FN,No Flash,Healthy_95.jpg
FN_No Flash,FN,No Flash,Healthy_156.jpg
FN_No Flash,FN,No Flash,C_2 (21).jpg
FN_No Flash,FN,No Flash,Healthy_96.jpg
FN_No Flash,FN,No Flash,C_9 (21).jpg
FN_No Flash,FN,No Flash,C_16 (15).jpg
FN_No Flash,FN,No Flash,C_9 (10).jpg
FN_No Flash,FN,No Flash,Healthy_100.jpg
FN_No Flash,FN,No Flash,Healthy_3.jpg
FN_No Flash,FN,No Flash,Healthy_165.jpg
FN_No Flash,FN,No Flash,C_6 (14).jpg
FN_No Flash,FN,No Flash,C_12 (12).jpg
FN_No Flash,FN,No Flash,C_9 (9).jpg
FN_No Flash,FN,No Flash,C_11.jpg
FN_No Flash,FN,No Flash,Healthy_6.jpg
FN_No Flash,FN,No Flash,C_14 (5).jpg
FN_No Flash,FN,No Flash,Healthy_240.jpg
FN_No Flash,FN,No Flash,Healthy_204.jpg
FN_No Flash,FN,No Flash,Healthy_230.jpg
FN_No Flash,FN,No Flash,C_5.jpg
FN_No Flash,FN,No Flash,C_8 (12).jpg
FN_No Flash,FN,No Flash,Healthy_250.jpg
FN_No Flash,FN,No Flash,Healthy_162.jpg
FN_No Flash,FN,No Flash,Healthy_215.jpg
FN_No Flash,FN,No Flash,C_2 (13).jpg
FN_No Flash,FN,No Flash,Healthy_53.jpg
FN_No Flash,FN,No Flash,Healthy_124.jpg
FN_No Flash,FN,No Flash,Healthy_82.jpg
FN_No Flash,FN,No Flash,Healthy_201.jpg
FN_No Flash,FN,No Flash,Healthy_200.jpg
FN_No Flash,FN,No Flash,C_16 (11).jpg
FN_No Flash,FN,No Flash,Healthy_5.jpg
FN_No Flash,FN,No Flash,C_13 (22).jpg
FN_No Flash,FN,No Flash,C_13 (19).jpg
FN_No Flash,FN,No Flash,C_1 (9).jpg
FN_No Flash,FN,No Flash,C_11 (2).jpg
FN_No Flash,FN,No Flash,C_10 (18).jpg
FN_No Flash,FN,No Flash,C_13 (21).jpg
FN_No Flash,FN,No Flash,Healthy_238.jpg
FN_No Flash,FN,No Flash,Healthy_155.jpg
FN_No Flash,FN,No Flash,Healthy_220.jpg
FN_No Flash,FN,No Flash,C_11 (21).jpg
FN_No Flash,FN,No Flash,C_11 (5).jpg
FN_No Flash,FN,No Flash,C_9 (12).jpg
FN_No Flash,FN,No Flash,Healthy_14.jpg
FN_No Flash,FN,No Flash,C_6 (10).jpg
FN_No Flash,FN,No Flash,Healthy_143.jpg
FN_No Flash,FN,No Flash,C_3 (2).jpg
FN_No Flash,FN,No Flash,C_8 (14).jpg
FN_No Flash,FN,No Flash,C_7 (18).jpg
FN_No Flash,FN,No Flash,C_10 (5).jpg
FN_No Flash,FN,No Flash,Healthy_237.jpg
FN_No Flash,FN,No Flash,Healthy_61.jpg
FN_No Flash,FN,No Flash,Healthy_231.jpg
FN_No Flash,FN,No Flash,C_16 (19).jpg
FN_No Flash,FN,No Flash,C_14 (3).jpg
FN_No Flash,FN,No Flash,C_16 (10).jpg
FN_No Flash,FN,No Flash,C_11 (4).jpg
FN_No Flash,FN,No Flash,Healthy_197.jpg
FN_No Flash,FN,No Flash,Healthy_65.jpg
FN_No Flash,FN,No Flash,C_16 (14).jpg
FN_No Flash,FN,No Flash,C_11 (17).jpg
FN_No Flash,FN,No Flash,C_9 (5).jpg
FN_No Flash,FN,No Flash,C_7 (4).jpg
FN_No Flash,FN,No Flash,C_3.jpg
FN_No Flash,FN,No Flash,C_6 (7).jpg
FN_No Flash,FN,No Flash,C_1 (14).jpg
FN_No Flash,FN,No Flash,Healthy_89.jpg
FN_No Flash,FN,No Flash,Healthy_187.jpg
FN_No Flash,FN,No Flash,C_8 (21).jpg
FN_No Flash,FN,No Flash,C_1 (15).jpg
FN_No Flash,FN,No Flash,C_15 (19).jpg
FN_No Flash,FN,No Flash,Healthy_135.jpg
FN_No Flash,FN,No Flash,C_15 (13).jpg
FN_No Flash,FN,No Flash,C_10 (10).jpg
FN_No Flash,FN,No Flash,C_6 (21).jpg
FN_No Flash,FN,No Flash,C_6 (9).jpg
FN_No Flash,FN,No Flash,Healthy_224.jpg
FN_No Flash,FN,No Flash,Healthy_76.jpg
FN_No Flash,FN,No Flash,C_6 (6).jpg
FN_No Flash,FN,No Flash,C_4 (10).jpg
FN_No Flash,FN,No Flash,Healthy_48.jpg
FN_No Flash,FN,No Flash,C_14 (2).jpg
FN_No Flash,FN,No Flash,Healthy_195.jpg
FN_No Flash,FN,No Flash,Healthy_226.jpg
FN_No Flash,FN,No Flash,Healthy_94.jpg
FN_No Flash,FN,No Flash,Healthy_78.jpg
FN_No Flash,FN,No Flash,Healthy_87.jpg
FN_No Flash,FN,No Flash,C_4 (7).jpg
FN_No Flash,FN,No Flash,C_9 (17).jpg
FN_No Flash,FN,No Flash,Healthy_120.jpg
FN_No Flash,FN,No Flash,Healthy_153.jpg
FN_No Flash,FN,No Flash,C_2 (4).jpg
FN_No Flash,FN,No Flash,C_14 (16).jpg
FN_No Flash,FN,No Flash,C_13 (7).jpg
FN_No Flash,FN,No Flash,C_13 (6).jpg
FN_No Flash,FN,No Flash,Healthy_41.jpg
FN_No Flash,FN,No Flash,Healthy_68.jpg
FN_No Flash,FN,No Flash,C_8.jpg
FN_No Flash,FN,No Flash,Healthy_58.jpg
FN_No Flash,FN,No Flash,Healthy_260.jpg
FN_No Flash,FN,No Flash,C_13 (15).jpg
FN_No Flash,FN,No Flash,Healthy_145.jpg
FN_No Flash,FN,No Flash,Healthy_202.jpg
FN_No Flash,FN,No Flash,Healthy_19.jpg
FN_No Flash,FN,No Flash,C_15 (7).jpg
FN_No Flash,FN,No Flash,C_10 (6).jpg
FN_No Flash,FN,No Flash,Healthy_134.jpg
FN_No Flash,FN,No Flash,Healthy_50.jpg
FN_No Flash,FN,No Flash,C_8 (3).jpg
FN_No Flash,FN,No Flash,C_5 (20).jpg
FN_No Flash,FN,No Flash,Healthy_132.jpg
FN_No Flash,FN,No Flash,C_12 (13).jpg
FN_No Flash,FN,No Flash,C_9 (2).jpg
FN_No Flash,FN,No Flash,Healthy_62.jpg
FN_No Flash,FN,No Flash,C_15 (3).jpg
FN_No Flash,FN,No Flash,C_7 (13).jpg
FN_No Flash,FN,No Flash,C_4.jpg
FN_No Flash,FN,No Flash,Healthy_150.jpg
FN_No Flash,FN,No Flash,Healthy_244.jpg
FN_No Flash,FN,No Flash,Healthy_97.jpg
FN_No Flash,FN,No Flash,Healthy_227.jpg
FN_No Flash,FN,No Flash,Healthy_35.jpg
FN_No Flash,FN,No Flash,C_16 (3).jpg
FN_No Flash,FN,No Flash,C_9 (6).jpg
FN_No Flash,FN,No Flash,Healthy_172.jpg
FN_No Flash,FN,No Flash,Healthy_261.jpg
FN_No Flash,FN,No Flash,Healthy_81.jpg
FN_No Flash,FN,No Flash,C_15 (14).jpg
FN_No Flash,FN,No Flash,Healthy_253.jpg
FN_No Flash,FN,No Flash,C_5 (21).jpg
FN_No Flash,FN,No Flash,Healthy_60.jpg
FN_No Flash,FN,No Flash,Healthy_36.jpg
FN_No Flash,FN,No Flash,Healthy_258.jpg
FN_No Flash,FN,No Flash,C_5 (22).jpg
FN_No Flash,FN,No Flash,C_4 (21).jpg
FN_No Flash,FN,No Flash,C_15 (11).jpg
FN_No Flash,FN,No Flash,C_10 (20).jpg
FN_No Flash,FN,No Flash,C_7 (14).jpg
FN_No Flash,FN,No Flash,C_11 (10).jpg
FN_No Flash,FN,No Flash,C_9 (20).jpg
FN_No Flash,FN,No Flash,C_11 (6).jpg
FN_No Flash,FN,No Flash,C_3 (11).jpg
FN_No Flash,FN,No Flash,Healthy_208.jpg
FN_No Flash,FN,No Flash,Healthy_137.jpg
FN_No Flash,FN,No Flash,Healthy_75.jpg
FN_No Flash,FN,No Flash,Healthy_7.jpg
FN_No Flash,FN,No Flash,Healthy_175.jpg
FN_No Flash,FN,No Flash,Healthy_11.jpg
FN_No Flash,FN,No Flash,C_3 (9).jpg
FN_No Flash,FN,No Flash,C_7 (5).jpg
FN_No Flash,FN,No Flash,C_12 (17).jpg
FN_No Flash,FN,No Flash,Healthy_136.jpg
FN_No Flash,FN,No Flash,C_7 (19).jpg
FN_No Flash,FN,No Flash,C_10 (22).jpg
FN_No Flash,FN,No Flash,Healthy_176.jpg
FN_No Flash,FN,No Flash,C_10 (17).jpg
FN_No Flash,FN,No Flash,Healthy_262.jpg
FN_No Flash,FN,No Flash,Healthy_249.jpg
FN_No Flash,FN,No Flash,Healthy_254.jpg
FN_No Flash,FN,No Flash,C_8 (11).jpg
FN_No Flash,FN,No Flash,Healthy_71.jpg
FN_No Flash,FN,No Flash,C_3 (8).jpg
FN_No Flash,FN,No Flash,C_10 (15).jpg
FN_No Flash,FN,No Flash,Healthy_70.jpg
FN_No Flash,FN,No Flash,C_16 (12).jpg
FN_No Flash,FN,No Flash,Healthy_242.jpg
FN_No Flash,FN,No Flash,Healthy_251.jpg
FN_No Flash,FN,No Flash,C_15 (16).jpg
FN_No Flash,FN,No Flash,C_3 (3).jpg
FN_No Flash,FN,No Flash,Healthy_255.jpg
FN_No Flash,FN,No Flash,Healthy_252.jpg
FN_No Flash,FN,No Flash,C_3 (6).jpg
FN_No Flash,FN,No Flash,Healthy_37.jpg
FN_No Flash,FN,No Flash,C_2 (22).jpg
FN_No Flash,FN,No Flash,C_3 (5).jpg
FN_No Flash,FN,No Flash,Healthy_54.jpg
FN_No Flash,FN,No Flash,C_3 (16).jpg
FN_No Flash,FN,No Flash,C_4 (3).jpg
FN_No Flash,FN,No Flash,C_5 (6).jpg
FN_No Flash,FN,No Flash,C_12 (11).jpg
FN_No Flash,FN,No Flash,Healthy_125.jpg
FN_No Flash,FN,No Flash,C_7 (3).jpg
FN_No Flash,FN,No Flash,Healthy_205.jpg
FN_No Flash,FN,No Flash,C_4 (13).jpg
FN_No Flash,FN,No Flash,C_14 (8).jpg
FN_No Flash,FN,No Flash,C_14 (11).jpg
FN_No Flash,FN,No Flash,C_16 (21).jpg
FN_No Flash,FN,No Flash,C_6 (13).jpg
FN_No Flash,FN,No Flash,C_3 (19).jpg
FN_No Flash,FN,No Flash,Healthy_177.jpg
FN_No Flash,FN,No Flash,C_6 (2).jpg
FN_No Flash,FN,No Flash,Healthy_26.jpg
FN_No Flash,FN,No Flash,C_12 (22).jpg
FN_No Flash,FN,No Flash,Healthy_212.jpg
FN_No Flash,FN,No Flash,Healthy_214.jpg
FN_No Flash,FN,No Flash,C_8 (8).jpg
FN_No Flash,FN,No Flash,C_1 (22).jpg
FN_No Flash,FN,No Flash,C_7 (11).jpg
FN_No Flash,FN,No Flash,C_8 (7).jpg
FN_No Flash,FN,No Flash,C_5 (19).jpg
FN_No Flash,FN,No Flash,C_4 (18).jpg
FN_No Flash,FN,No Flash,Healthy_157.jpg
FN_No Flash,FN,No Flash,Healthy_106.jpg
FN_No Flash,FN,No Flash,C_16 (17).jpg
FN_No Flash,FN,No Flash,C_12 (6).jpg
FN_No Flash,FN,No Flash,Healthy_119.jpg
FN_No Flash,FN,No Flash,Healthy_217.jpg
FN_No Flash,FN,No Flash,Healthy_246.jpg
FN_No Flash,FN,No Flash,Healthy_20.jpg
FN_No Flash,FN,No Flash,C_10 (13).jpg
FN_No Flash,FN,No Flash,C_15 (6).jpg
FN_No Flash,FN,No Flash,Healthy_154.jpg
FN_No Flash,FN,No Flash,C_15 (9).jpg
FN_No Flash,FN,No Flash,C_1 (5).jpg
FN_No Flash,FN,No Flash,Healthy_247.jpg
FN_No Flash,FN,No Flash,C_9 (11).jpg
FN_No Flash,FN,No Flash,C_13.jpg
FN_No Flash,FN,No Flash,Healthy_265.jpg
FN_No Flash,FN,No Flash,Healthy_257.jpg
FN_No Flash,FN,No Flash,C_15 (17).jpg
FN_No Flash,FN,No Flash,C_4 (6).jpg
FN_No Flash,FN,No Flash,Healthy_189.jpg
FN_No Flash,FN,No Flash,Healthy_1.jpg
FN_No Flash,FN,No Flash,Healthy_225.jpg
FN_No Flash,FN,No Flash,C_8 (4).jpg
FN_No Flash,FN,No Flash,Healthy_44.jpg
FN_No Flash,FN,No Flash,C_5 (16).jpg
FN_No Flash,FN,No Flash,Healthy_188.jpg
FN_No Flash,FN,No Flash,Healthy_151.jpg
FN_No Flash,FN,No Flash,Healthy_234.jpg
-N_Flash,-N,Flash,-N_6 (14).jpg
-N_Flash,-N,Flash,-N_6 (6).jpg
-N_Flash,-N,Flash,-N_10 (19).jpg
-N_Flash,-N,Flash,-N_15 (2).jpg
-N_Flash,-N,Flash,-N_20 (16).jpg
-N_Flash,-N,Flash,-N_22 (19).jpg
-N_Flash,-N,Flash,-N_60 (19).jpg
-N_Flash,-N,Flash,-N_21 (22).jpg
-N_Flash,-N,Flash,-N_5 (6).jpg
-N_Flash,-N,Flash,-N_8 (19).jpg
-N_Flash,-N,Flash,-N_15 (9).jpg
-N_Flash,-N,Flash,-N_21 (19).jpg
-N_Flash,-N,Flash,-N_13 (9).jpg
-N_Flash,-N,Flash,-N_18 (14).jpg
-N_Flash,-N,Flash,-N_2 (20).jpg
-N_Flash,-N,Flash,-N_29 (8).jpg
-N_Flash,-N,Flash,-N_5 (21).jpg
-N_Flash,-N,Flash,-N_52 (15).jpg
-N_Flash,-N,Flash,-N_32 (13).jpg
-N_Flash,-N,Flash,-N_40 (9).jpg
-N_Flash,-N,Flash,-N_29 (19).jpg
-N_Flash,-N,Flash,-N_9 (14).jpg
-N_Flash,-N,Flash,-N_30 (17).jpg
-N_Flash,-N,Flash,-N_19 (14).jpg
-N_Flash,-N,Flash,-N_17 (18).jpg
-N_Flash,-N,Flash,-N_51 (11).jpg
-N_Flash,-N,Flash,-N_28 (12).jpg
-N_Flash,-N,Flash,-N_27 (3).jpg
-N_Flash,-N,Flash,-N_47 (13).jpg
-N_Flash,-N,Flash,-N_60 (20).jpg
-N_Flash,-N,Flash,-N_38 (12).jpg
-N_Flash,-N,Flash,-N_34 (17).jpg
-N_Flash,-N,Flash,-N_63 (8).jpg
-N_Flash,-N,Flash,-N_20 (4).jpg
-N_Flash,-N,Flash,-N_47 (11).jpg
-N_Flash,-N,Flash,-N_28 (7).jpg
-N_Flash,-N,Flash,-N_18 (16).jpg
-N_Flash,-N,Flash,-N_18 (6).jpg
-N_Flash,-N,Flash,-N_22 (21).jpg
-N_Flash,-N,Flash,-N_17 (5).jpg
-N_Flash,-N,Flash,-N_27 (19).jpg
-N_Flash,-N,Flash,-N_32 (6).jpg
-N_Flash,-N,Flash,-N_64 (6).jpg
-N_Flash,-N,Flash,-N_49 (5).jpg
-N_Flash,-N,Flash,-N_10 (21).jpg
-N_Flash,-N,Flash,-N_27 (10).jpg
-N_Flash,-N,Flash,-N_53 (12).jpg
-N_Flash,-N,Flash,-N_29 (9).jpg
-N_Flash,-N,Flash,-N_63 (2).jpg
-N_Flash,-N,Flash,-N_51 (9).jpg
-N_Flash,-N,Flash,-N_62 (19).jpg
-N_Flash,-N,Flash,-N_2 (21).jpg
-N_Flash,-N,Flash,-N_4 (7).jpg
-N_Flash,-N,Flash,-N_61 (14).jpg
-N_Flash,-N,Flash,-N_16 (17).jpg
-N_Flash,-N,Flash,-N_39 (14).jpg
-N_Flash,-N,Flash,-N_3 (6).jpg
-N_Flash,-N,Flash,-N_1 (15).jpg
-N_Flash,-N,Flash,-N_50 (6).jpg
-N_Flash,-N,Flash,-N_21 (6).jpg
-N_Flash,-N,Flash,-N_11 (11).jpg
-N_Flash,-N,Flash,-N_31 (3).jpg
-N_Flash,-N,Flash,-N_11 (20).jpg
-N_Flash,-N,Flash,-N_52 (9).jpg
-N_Flash,-N,Flash,-N_11 (18).jpg
-N_Flash,-N,Flash,-N_31 (12).jpg
-N_Flash,-N,Flash,-N_6 (13).jpg
-N_Flash,-N,Flash,-N_55 (3).jpg
-N_Flash,-N,Flash,-N_64 (3).jpg
-N_Flash,-N,Flash,-N_41 (13).jpg
-N_Flash,-N,Flash,-N_22 (7).jpg
-N_Flash,-N,Flash,-N_49 (12).jpg
-N_Flash,-N,Flash,-N_51 (19).jpg
-N_Flash,-N,Flash,-N_25 (5).jpg
-N_Flash,-N,Flash,-N_25 (8).jpg
-N_Flash,-N,Flash,-N_62 (6).jpg
-N_Flash,-N,Flash,-N_54 (8).jpg
-N_Flash,-N,Flash,-N_61 (6).jpg
-N_Flash,-N,Flash,-N_31 (15).jpg
-N_Flash,-N,Flash,-N_46 (16).jpg
-N_Flash,-N,Flash,-N_18 (10).jpg
-N_Flash,-N,Flash,-N_46 (18).jpg
-N_Flash,-N,Flash,-N_19 (17).jpg
-N_Flash,-N,Flash,-N_32 (22).jpg
-N_Flash,-N,Flash,-N_31 (21).jpg
-N_Flash,-N,Flash,-N_45 (13).jpg
-N_Flash,-N,Flash,-N_2 (7).jpg
-N_Flash,-N,Flash,-N_26 (9).jpg
-N_Flash,-N,Flash,-N_27 (12).jpg
-N_Flash,-N,Flash,-N_8 (16).jpg
-N_Flash,-N,Flash,-N_53 (10).jpg
-N_Flash,-N,Flash,-N_5 (14).jpg
-N_Flash,-N,Flash,-N_42 (15).jpg
-N_Flash,-N,Flash,-N_46 (22).jpg
-N_Flash,-N,Flash,-N_40 (20).jpg
-N_Flash,-N,Flash,-N_27 (18).jpg
-N_Flash,-N,Flash,-N_63 (16).jpg
-N_Flash,-N,Flash,-N_6 (19).jpg
-N_Flash,-N,Flash,-N_59 (9).jpg
-N_Flash,-N,Flash,-N_31 (18).jpg
-N_Flash,-N,Flash,-N_42 (20).jpg
-N_Flash,-N,Flash,-N_4 (18).jpg
-N_Flash,-N,Flash,-N_42 (12).jpg
-N_Flash,-N,Flash,-N_48 (9).jpg
-N_Flash,-N,Flash,-N_63 (15).jpg
-N_Flash,-N,Flash,-N_16 (15).jpg
-N_Flash,-N,Flash,-N_1 (7).jpg
-N_Flash,-N,Flash,-N_24 (19).jpg
-N_Flash,-N,Flash,-N_11 (19).jpg
-N_Flash,-N,Flash,-N_59 (13).jpg
-N_Flash,-N,Flash,-N_61 (19).jpg
-N_Flash,-N,Flash,-N_30 (20).jpg
-N_Flash,-N,Flash,-N_4 (14).jpg
-N_Flash,-N,Flash,-N_28 (8).jpg
-N_Flash,-N,Flash,-N_24 (2).jpg
-N_Flash,-N,Flash,-N_52 (8).jpg
-N_Flash,-N,Flash,-N_32 (7).jpg
-N_Flash,-N,Flash,-N_19.jpg
-N_Flash,-N,Flash,-N_43 (19).jpg
-N_Flash,-N,Flash,-N_21 (21).jpg
-N_Flash,-N,Flash,-N_54 (16).jpg
-N_Flash,-N,Flash,-N_48 (7).jpg
-N_Flash,-N,Flash,-N_1 (11).jpg
-N_Flash,-N,Flash,-N_31 (9).jpg
-N_Flash,-N,Flash,-N_8 (2).jpg
-N_Flash,-N,Flash,-N_40 (7).jpg
-N_Flash,-N,Flash,-N_3 (15).jpg
-N_Flash,-N,Flash,-N_5 (5).jpg
-N_Flash,-N,Flash,-N_37 (13).jpg
-N_Flash,-N,Flash,-N_60 (3).jpg
-N_Flash,-N,Flash,-N_44 (4).jpg
-N_Flash,-N,Flash,-N_62 (3).jpg
-N_Flash,-N,Flash,-N_23 (21).jpg
-N_Flash,-N,Flash,-N_2 (15).jpg
-N_Flash,-N,Flash,-N_32 (17).jpg
-N_Flash,-N,Flash,-N_36 (13).jpg
-N_Flash,-N,Flash,-N_6 (3).jpg
-N_Flash,-N,Flash,-N_19 (22).jpg
-N_Flash,-N,Flash,-N_64 (10).jpg
-N_Flash,-N,Flash,-N_45 (14).jpg
-N_Flash,-N,Flash,-N_1 (3).jpg
-N_Flash,-N,Flash,-N_55 (19).jpg
-N_Flash,-N,Flash,-N_64 (18).jpg
-N_Flash,-N,Flash,-N_44 (14).jpg
-N_Flash,-N,Flash,-N_52 (19).jpg
-N_Flash,-N,Flash,-N_29 (14).jpg
-N_Flash,-N,Flash,-N_53 (2).jpg
-N_Flash,-N,Flash,-N_8 (10).jpg
-N_Flash,-N,Flash,-N_37 (22).jpg
-N_Flash,-N,Flash,-N_1 (19).jpg
-N_Flash,-N,Flash,-N_58 (2).jpg
-N_Flash,-N,Flash,-N_51 (18).jpg
-N_Flash,-N,Flash,-N_58 (17).jpg
-N_Flash,-N,Flash,-N_42 (4).jpg
-N_Flash,-N,Flash,-N_7 (20).jpg
-N_Flash,-N,Flash,-N_5 (12).jpg
-N_Flash,-N,Flash,-N_12 (3).jpg
-N_Flash,-N,Flash,-N_55 (13).jpg
-N_Flash,-N,Flash,-N_29.jpg
-N_Flash,-N,Flash,-N_36 (7).jpg
-N_Flash,-N,Flash,-N_39 (20).jpg
-N_Flash,-N,Flash,-N_44 (3).jpg
-N_Flash,-N,Flash,-N_60 (18).jpg
-N_Flash,-N,Flash,-N_11 (6).jpg
-N_Flash,-N,Flash,-N_43 (12).jpg
-N_Flash,-N,Flash,-N_13 (14).jpg
-N_Flash,-N,Flash,-N_4 (10).jpg
-N_Flash,-N,Flash,-N_34 (16).jpg
-N_Flash,-N,Flash,-N_12 (19).jpg
-N_Flash,-N,Flash,-N_43 (17).jpg
-N_Flash,-N,Flash,-N_35 (17).jpg
-N_Flash,-N,Flash,-N_29 (15).jpg
-N_Flash,-N,Flash,-N_46.jpg
-N_Flash,-N,Flash,-N_4 (19).jpg
-N_Flash,-N,Flash,-N_31 (11).jpg
-N_Flash,-N,Flash,-N_54 (17).jpg
-N_Flash,-N,Flash,-N_34 (4).jpg
-N_Flash,-N,Flash,-N_17 (2).jpg
-N_Flash,-N,Flash,-N_9 (4).jpg
-N_Flash,-N,Flash,-N_1 (18).jpg
-N_Flash,-N,Flash,-N_30 (10).jpg
-N_Flash,-N,Flash,-N_50 (11).jpg
-N_Flash,-N,Flash,-N_61 (10).jpg
-N_Flash,-N,Flash,-N_44 (5).jpg
-N_Flash,-N,Flash,-N_10 (15).jpg
-N_Flash,-N,Flash,-N_7 (14).jpg
-N_Flash,-N,Flash,-N_46 (14).jpg
-N_Flash,-N,Flash,-N_37 (14).jpg
-N_Flash,-N,Flash,-N_3 (13).jpg
-N_Flash,-N,Flash,-N_48 (10).jpg
-N_Flash,-N,Flash,-N_47 (9).jpg
-N_Flash,-N,Flash,-N_32 (14).jpg
-N_Flash,-N,Flash,-N_29 (2).jpg
-N_Flash,-N,Flash,-N_44 (18).jpg
-N_Flash,-N,Flash,-N_22 (20).jpg
-N_Flash,-N,Flash,-N_10 (17).jpg
-N_Flash,-N,Flash,-N_26 (21).jpg
-N_Flash,-N,Flash,-N_19 (20).jpg
-N_Flash,-N,Flash,-N_48 (22).jpg
-N_Flash,-N,Flash,-N_31.jpg
-N_Flash,-N,Flash,-N_28 (10).jpg
-N_Flash,-N,Flash,-N_23 (10).jpg
-N_Flash,-N,Flash,-N_35 (8).jpg
-N_Flash,-N,Flash,-N_45.jpg
-N_Flash,-N,Flash,-N_24 (11).jpg
-N_Flash,-N,Flash,-N_42 (22).jpg
-N_Flash,-N,Flash,-N_22 (10).jpg
-N_Flash,-N,Flash,-N_24 (20).jpg
-N_Flash,-N,Flash,-N_27 (6).jpg
-N_Flash,-N,Flash,-N_26 (13).jpg
-N_Flash,-N,Flash,-N_34 (19).jpg
-N_Flash,-N,Flash,-N_64 (5).jpg
-N_Flash,-N,Flash,-N_63 (21).jpg
-N_Flash,-N,Flash,-N_41 (10).jpg
-N_Flash,-N,Flash,-N_28 (21).jpg
-N_Flash,-N,Flash,-N_27 (7).jpg
-N_Flash,-N,Flash,-N_26 (4).jpg
-N_Flash,-N,Flash,-N_37 (5).jpg
-N_Flash,-N,Flash,-N_2 (19).jpg
-N_Flash,-N,Flash,-N_38 (19).jpg
-N_Flash,-N,Flash,-N_55 (2).jpg
-N_Flash,-N,Flash,-N_48 (8).jpg
-N_Flash,-N,Flash,-N_8 (5).jpg
-N_Flash,-N,Flash,-N_37 (3).jpg
-N_Flash,-N,Flash,-N_52 (4).jpg
-N_Flash,-N,Flash,-N_64 (13).jpg
-N_Flash,-N,Flash,-N_23 (13).jpg
-N_Flash,-N,Flash,-N_25 (17).jpg
-N_Flash,-N,Flash,-N_35 (4).jpg
-N_Flash,-N,Flash,-N_37 (20).jpg
-N_Flash,-N,Flash,-N_7 (22).jpg
-N_Flash,-N,Flash,-N_17 (7).jpg
-N_Flash,-N,Flash,-N_19 (9).jpg
-N_Flash,-N,Flash,-N_60 (13).jpg
-N_Flash,-N,Flash,-N_7 (16).jpg
-N_Flash,-N,Flash,-N_11 (15).jpg
-N_Flash,-N,Flash,-N_50 (5).jpg
-N_Flash,-N,Flash,-N_57 (11).jpg
-N_Flash,-N,Flash,-N_59 (17).jpg
-N_Flash,-N,Flash,-N_47 (4).jpg
-N_Flash,-N,Flash,-N_9 (21).jpg
-N_Flash,-N,Flash,-N_57 (15).jpg
-N_Flash,-N,Flash,-N_35.jpg
-N_Flash,-N,Flash,-N_57 (3).jpg
-N_Flash,-N,Flash,-N_45 (21).jpg
-N_Flash,-N,Flash,-N_45 (9).jpg
-N_Flash,-N,Flash,-N_21 (3).jpg
-N_Flash,-N,Flash,-N_54 (10).jpg
-N_Flash,-N,Flash,-N_61 (2).jpg
-N_Flash,-N,Flash,-N_20 (21).jpg
-N_Flash,-N,Flash,-N_46 (15).jpg
-N_Flash,-N,Flash,-N_20 (15).jpg
-N_Flash,-N,Flash,-N_24 (21).jpg
-N_Flash,-N,Flash,-N_20 (8).jpg
-N_Flash,-N,Flash,-N_39 (17).jpg
-N_Flash,-N,Flash,-N_49 (16).jpg
-N_Flash,-N,Flash,-N_38 (17).jpg
-N_Flash,-N,Flash,-N_27 (17).jpg
-N_Flash,-N,Flash,-N_17 (8).jpg
-N_Flash,-N,Flash,-N_8 (3).jpg
-N_Flash,-N,Flash,-N_64 (21).jpg
-N_Flash,-N,Flash,-N_64 (9).jpg
-N_Flash,-N,Flash,-N_1 (2).jpg
-N_Flash,-N,Flash,-N_53 (5).jpg
-N_Flash,-N,Flash,-N_42 (16).jpg
-N_Flash,-N,Flash,-N_11 (9).jpg
-N_Flash,-N,Flash,-N_34 (7).jpg
-N_Flash,-N,Flash,-N_29 (13).jpg
-N_Flash,-N,Flash,-N_51 (17).jpg
-N_Flash,-N,Flash,-N_7 (4).jpg
-N_Flash,-N,Flash,-N_26 (16).jpg
-N_Flash,-N,Flash,-N_6 (22).jpg
-N_Flash,-N,Flash,-N_22 (9).jpg
-N_Flash,-N,Flash,-N_37 (8).jpg
-N_Flash,-N,Flash,-N_45 (20).jpg
-N_Flash,-N,Flash,-N_7 (17).jpg
-N_Flash,-N,Flash,-N_34 (13).jpg
-N_Flash,-N,Flash,-N_42 (3).jpg
-N_Flash,-N,Flash,-N_38 (11).jpg
-N_Flash,-N,Flash,-N_60 (10).jpg
-N_Flash,-N,Flash,-N_52 (11).jpg
-N_Flash,-N,Flash,-N_49 (19).jpg
-N_Flash,-N,Flash,-N_26 (2).jpg
-N_Flash,-N,Flash,-N_9 (20).jpg
-N_Flash,-N,Flash,-N_47 (10).jpg
-N_Flash,-N,Flash,-N_35 (5).jpg
-N_Flash,-N,Flash,-N_55 (7).jpg
-N_Flash,-N,Flash,-N_14.jpg
-N_Flash,-N,Flash,-N_1 (4).jpg
-N_Flash,-N,Flash,-N_42 (7).jpg
-N_Flash,-N,Flash,-N_36 (5).jpg
-N_Flash,-N,Flash,-N_60 (6).jpg
-N_Flash,-N,Flash,-N_17 (20).jpg
-N_Flash,-N,Flash,-N_17 (4).jpg
-N_Flash,-N,Flash,-N_13 (4).jpg
-N_Flash,-N,Flash,-N_11 (5).jpg
-N_Flash,-N,Flash,-N_40 (3).jpg
-N_Flash,-N,Flash,-N_59 (2).jpg
-N_Flash,-N,Flash,-N_57 (4).jpg
-N_Flash,-N,Flash,-N_41 (21).jpg
-N_Flash,-N,Flash,-N_62 (10).jpg
-N_Flash,-N,Flash,-N_45 (12).jpg
-N_Flash,-N,Flash,-N_12 (5).jpg
-N_Flash,-N,Flash,-N_32 (4).jpg
-N_Flash,-N,Flash,-N_63 (12).jpg
-N_Flash,-N,Flash,-N_23 (8).jpg
-N_Flash,-N,Flash,-N_47 (14).jpg
-N_Flash,-N,Flash,-N_53 (15).jpg
-N_Flash,-N,Flash,-N_51 (20).jpg
-N_Flash,-N,Flash,-N_28.jpg
-N_Flash,-N,Flash,-N_22 (13).jpg
-N_Flash,-N,Flash,-N_27 (9).jpg
-N_Flash,-N,Flash,-N_64 (2).jpg
-N_Flash,-N,Flash,-N_14 (13).jpg
-N_Flash,-N,Flash,-N_27 (5).jpg
-N_Flash,-N,Flash,-N_2 (17).jpg
-N_Flash,-N,Flash,-N_24 (16).jpg
-N_Flash,-N,Flash,-N_39.jpg
-N_Flash,-N,Flash,-N_2.jpg
-N_Flash,-N,Flash,-N_61 (12).jpg
-N_Flash,-N,Flash,-N_9 (7).jpg
-N_Flash,-N,Flash,-N_20 (17).jpg
-N_Flash,-N,Flash,-N_63 (14).jpg
-N_Flash,-N,Flash,-N_41 (3).jpg
-N_Flash,-N,Flash,-N_36 (22).jpg
-N_Flash,-N,Flash,-N_14 (21).jpg
-N_Flash,-N,Flash,-N_4 (21).jpg
-N_Flash,-N,Flash,-N_6 (21).jpg
-N_Flash,-N,Flash,-N_46 (20).jpg
-N_Flash,-N,Flash,-N_52 (3).jpg
-N_Flash,-N,Flash,-N_1 (5).jpg
-N_Flash,-N,Flash,-N_46 (13).jpg
-N_Flash,-N,Flash,-N_3.jpg
-N_Flash,-N,Flash,-N_38 (16).jpg
-N_Flash,-N,Flash,-N_51.jpg
-N_Flash,-N,Flash,-N_37 (7).jpg
-N_Flash,-N,Flash,-N_47 (7).jpg
-N_Flash,-N,Flash,-N_64 (17).jpg
-N_Flash,-N,Flash,-N_30 (9).jpg
-N_Flash,-N,Flash,-N_57 (6).jpg
-N_Flash,-N,Flash,-N_51 (12).jpg
-N_Flash,-N,Flash,-N_30 (16).jpg
-N_Flash,-N,Flash,-N_5 (22).jpg
-N_Flash,-N,Flash,-N_6 (9).jpg
-N_Flash,-N,Flash,-N_17 (9).jpg
-N_Flash,-N,Flash,-N_54 (9).jpg
-N_Flash,-N,Flash,-N_17 (17).jpg
-N_Flash,-N,Flash,-N_8 (13).jpg
-N_Flash,-N,Flash,-N_31 (20).jpg
-N_Flash,-N,Flash,-N_62 (18).jpg
-N_Flash,-N,Flash,-N_41 (20).jpg
-N_Flash,-N,Flash,-N_62 (20).jpg
-N_Flash,-N,Flash,-N_63 (13).jpg
-N_Flash,-N,Flash,-N_16.jpg
-N_Flash,-N,Flash,-N_34 (20).jpg
-N_Flash,-N,Flash,-N_26 (11).jpg
-N_Flash,-N,Flash,-N_20 (13).jpg
-N_Flash,-N,Flash,-N_12 (20).jpg
-N_Flash,-N,Flash,-N_41 (14).jpg
-N_Flash,-N,Flash,-N_50 (3).jpg
-N_Flash,-N,Flash,-N_61 (22).jpg
-N_Flash,-N,Flash,-N_5 (9).jpg
-N_Flash,-N,Flash,-N_6 (7).jpg
-N_Flash,-N,Flash,-N_47 (21).jpg
-N_Flash,-N,Flash,-N_50 (8).jpg
-N_Flash,-N,Flash,-N_37 (2).jpg
-N_Flash,-N,Flash,-N_58 (10).jpg
-N_Flash,-N,Flash,-N_60 (11).jpg
-N_Flash,-N,Flash,-N_43 (22).jpg
-N_Flash,-N,Flash,-N_53 (4).jpg
-N_Flash,-N,Flash,-N_40 (13).jpg
-N_Flash,-N,Flash,-N_29 (20).jpg
-N_Flash,-N,Flash,-N_36 (12).jpg
-N_Flash,-N,Flash,-N_54 (15).jpg
-N_Flash,-N,Flash,-N_45 (2).jpg
-N_Flash,-N,Flash,-N_7 (19).jpg
-N_Flash,-N,Flash,-N_27 (14).jpg
-N_Flash,-N,Flash,-N_21 (18).jpg
-N_Flash,-N,Flash,-N_2 (8).jpg
-N_Flash,-N,Flash,-N_37 (10).jpg
-N_Flash,-N,Flash,-N_1 (12).jpg
-N_Flash,-N,Flash,-N_26 (19).jpg
-N_Flash,-N,Flash,-N_57 (9).jpg
-N_Flash,-N,Flash,-N_23 (18).jpg
-N_Flash,-N,Flash,-N_24 (14).jpg
-N_Flash,-N,Flash,-N_48 (14).jpg
-N_Flash,-N,Flash,-N_17 (16).jpg
-N_Flash,-N,Flash,-N_3 (2).jpg
-N_Flash,-N,Flash,-N_41.jpg
-N_Flash,-N,Flash,-N_48 (12).jpg
-N_Flash,-N,Flash,-N_42 (13).jpg
-N_Flash,-N,Flash,-N_45 (15).jpg
-N_Flash,-N,Flash,-N_62 (17).jpg
-N_Flash,-N,Flash,-N_20 (3).jpg
-N_Flash,-N,Flash,-N_19 (8).jpg
-N_Flash,-N,Flash,-N_34 (6).jpg
-N_Flash,-N,Flash,-N_46 (19).jpg
-N_Flash,-N,Flash,-N_28 (22).jpg
-N_Flash,-N,Flash,-N_14 (10).jpg
-N_Flash,-N,Flash,-N_57 (18).jpg
-N_No Flash,-N,No Flash,-N_6 (14).jpg
-N_No Flash,-N,No Flash,-N_6 (6).jpg
-N_No Flash,-N,No Flash,-N_10 (19).jpg
-N_No Flash,-N,No Flash,-N_15 (2).jpg
-N_No Flash,-N,No Flash,-N_20 (16).jpg
-N_No Flash,-N,No Flash,-N_22 (19).jpg
-N_No Flash,-N,No Flash,-N_60 (19).jpg
-N_No Flash,-N,No Flash,-N_21 (22).jpg
-N_No Flash,-N,No Flash,-N_5 (6).jpg
-N_No Flash,-N,No Flash,-N_8 (19).jpg
-N_No Flash,-N,No Flash,-N_15 (9).jpg
-N_No Flash,-N,No Flash,-N_21 (19).jpg
-N_No Flash,-N,No Flash,-N_13 (9).jpg
-N_No Flash,-N,No Flash,-N_18 (14).jpg
-N_No Flash,-N,No Flash,-N_2 (20).jpg
-N_No Flash,-N,No Flash,-N_29 (8).jpg
-N_No Flash,-N,No Flash,-N_5 (21).jpg
-N_No Flash,-N,No Flash,-N_52 (15).jpg
-N_No Flash,-N,No Flash,-N_32 (13).jpg
-N_No Flash,-N,No Flash,-N_40 (9).jpg
-N_No Flash,-N,No Flash,-N_29 (19).jpg
-N_No Flash,-N,No Flash,-N_9 (14).jpg
-N_No Flash,-N,No Flash,-N_30 (17).jpg
-N_No Flash,-N,No Flash,-N_19 (14).jpg
-N_No Flash,-N,No Flash,-N_17 (18).jpg
-N_No Flash,-N,No Flash,-N_51 (11).jpg
-N_No Flash,-N,No Flash,-N_28 (12).jpg
-N_No Flash,-N,No Flash,-N_27 (3).jpg
-N_No Flash,-N,No Flash,-N_47 (13).jpg
-N_No Flash,-N,No Flash,-N_60 (20).jpg
-N_No Flash,-N,No Flash,-N_38 (12).jpg
-N_No Flash,-N,No Flash,-N_34 (17).jpg
-N_No Flash,-N,No Flash,-N_63 (8).jpg
-N_No Flash,-N,No Flash,-N_20 (4).jpg
-N_No Flash,-N,No Flash,-N_47 (11).jpg
-N_No Flash,-N,No Flash,-N_28 (7).jpg
-N_No Flash,-N,No Flash,-N_18 (16).jpg
-N_No Flash,-N,No Flash,-N_18 (6).jpg
-N_No Flash,-N,No Flash,-N_22 (21).jpg
-N_No Flash,-N,No Flash,-N_17 (5).jpg
-N_No Flash,-N,No Flash,-N_27 (19).jpg
-N_No Flash,-N,No Flash,-N_32 (6).jpg
-N_No Flash,-N,No Flash,-N_64 (6).jpg
-N_No Flash,-N,No Flash,-N_49 (5).jpg
-N_No Flash,-N,No Flash,-N_10 (21).jpg
-N_No Flash,-N,No Flash,-N_27 (10).jpg
-N_No Flash,-N,No Flash,-N_53 (12).jpg
-N_No Flash,-N,No Flash,-N_29 (9).jpg
-N_No Flash,-N,No Flash,-N_63 (2).jpg
-N_No Flash,-N,No Flash,-N_51 (9).jpg
-N_No Flash,-N,No Flash,-N_62 (19).jpg
-N_No Flash,-N,No Flash,-N_2 (21).jpg
-N_No Flash,-N,No Flash,-N_4 (7).jpg
-N_No Flash,-N,No Flash,-N_61 (14).jpg
-N_No Flash,-N,No Flash,-N_16 (17).jpg
-N_No Flash,-N,No Flash,-N_39 (14).jpg
-N_No Flash,-N,No Flash,-N_3 (6).jpg
-N_No Flash,-N,No Flash,-N_1 (15).jpg
-N_No Flash,-N,No Flash,-N_50 (6).jpg
-N_No Flash,-N,No Flash,-N_21 (6).jpg
-N_No Flash,-N,No Flash,-N_11 (11).jpg
-N_No Flash,-N,No Flash,-N_31 (3).jpg
-N_No Flash,-N,No Flash,-N_11 (20).jpg
-N_No Flash,-N,No Flash,-N_52 (9).jpg
-N_No Flash,-N,No Flash,-N_11 (18).jpg
-N_No Flash,-N,No Flash,-N_31 (12).jpg
-N_No Flash,-N,No Flash,-N_6 (13).jpg
-N_No Flash,-N,No Flash,-N_55 (3).jpg
-N_No Flash,-N,No Flash,-N_64 (3).jpg
-N_No Flash,-N,No Flash,-N_41 (13).jpg
-N_No Flash,-N,No Flash,-N_22 (7).jpg
-N_No Flash,-N,No Flash,-N_49 (12).jpg
-N_No Flash,-N,No Flash,-N_51 (19).jpg
-N_No Flash,-N,No Flash,-N_25 (5).jpg
-N_No Flash,-N,No Flash,-N_25 (8).jpg
-N_No Flash,-N,No Flash,-N_62 (6).jpg
-N_No Flash,-N,No Flash,-N_54 (8).jpg
-N_No Flash,-N,No Flash,-N_61 (6).jpg
-N_No Flash,-N,No Flash,-N_31 (15).jpg
-N_No Flash,-N,No Flash,-N_46 (16).jpg
-N_No Flash,-N,No Flash,-N_18 (10).jpg
-N_No Flash,-N,No Flash,-N_46 (18).jpg
-N_No Flash,-N,No Flash,-N_19 (17).jpg
-N_No Flash,-N,No Flash,-N_32 (22).jpg
-N_No Flash,-N,No Flash,-N_31 (21).jpg
-N_No Flash,-N,No Flash,-N_45 (13).jpg
-N_No Flash,-N,No Flash,-N_2 (7).jpg
-N_No Flash,-N,No Flash,-N_26 (9).jpg
-N_No Flash,-N,No Flash,-N_27 (12).jpg
-N_No Flash,-N,No Flash,-N_8 (16).jpg
-N_No Flash,-N,No Flash,-N_53 (10).jpg
-N_No Flash,-N,No Flash,-N_5 (14).jpg
-N_No Flash,-N,No Flash,-N_42 (15).jpg
-N_No Flash,-N,No Flash,-N_46 (22).jpg
-N_No Flash,-N,No Flash,-N_40 (20).jpg
-N_No Flash,-N,No Flash,-N_27 (18).jpg
-N_No Flash,-N,No Flash,-N_63 (16).jpg
-N_No Flash,-N,No Flash,-N_6 (19).jpg
-N_No Flash,-N,No Flash,-N_59 (9).jpg
-N_No Flash,-N,No Flash,-N_31 (18).jpg
-N_No Flash,-N,No Flash,-N_42 (20).jpg
-N_No Flash,-N,No Flash,-N_4 (18).jpg
-N_No Flash,-N,No Flash,-N_42 (12).jpg
-N_No Flash,-N,No Flash,-N_48 (9).jpg
-N_No Flash,-N,No Flash,-N_63 (15).jpg
-N_No Flash,-N,No Flash,-N_16 (15).jpg
-N_No Flash,-N,No Flash,-N_1 (7).jpg
-N_No Flash,-N,No Flash,-N_24 (19).jpg
-N_No Flash,-N,No Flash,-N_11 (19).jpg
-N_No Flash,-N,No Flash,-N_59 (13).jpg
-N_No Flash,-N,No Flash,-N_61 (19).jpg
-N_No Flash,-N,No Flash,-N_30 (20).jpg
-N_No Flash,-N,No Flash,-N_4 (14).jpg
-N_No Flash,-N,No Flash,-N_28 (8).jpg
-N_No Flash,-N,No Flash,-N_24 (2).jpg
-N_No Flash,-N,No Flash,-N_52 (8).jpg
-N_No Flash,-N,No Flash,-N_32 (7).jpg
-N_No Flash,-N,No Flash,-N_19.jpg
-N_No Flash,-N,No Flash,-N_43 (19).jpg
-N_No Flash,-N,No Flash,-N_21 (21).jpg
-N_No Flash,-N,No Flash,-N_54 (16).jpg
-N_No Flash,-N,No Flash,-N_48 (7).jpg
-N_No Flash,-N,No Flash,-N_1 (11).jpg
-N_No Flash,-N,No Flash,-N_31 (9).jpg
-N_No Flash,-N,No Flash,-N_8 (2).jpg
-N_No Flash,-N,No Flash,-N_40 (7).jpg
-N_No Flash,-N,No Flash,-N_3 (15).jpg
-N_No Flash,-N,No Flash,-N_5 (5).jpg
-N_No Flash,-N,No Flash,-N_37 (13).jpg
-N_No Flash,-N,No Flash,-N_60 (3).jpg
-N_No Flash,-N,No Flash,-N_44 (4).jpg
-N_No Flash,-N,No Flash,-N_62 (3).jpg
-N_No Flash,-N,No Flash,-N_23 (21).jpg
-N_No Flash,-N,No Flash,-N_2 (15).jpg
-N_No Flash,-N,No Flash,-N_32 (17).jpg
-N_No Flash,-N,No Flash,-N_36 (13).jpg
-N_No Flash,-N,No Flash,-N_6 (3).jpg
-N_No Flash,-N,No Flash,-N_19 (22).jpg
-N_No Flash,-N,No Flash,-N_64 (10).jpg
-N_No Flash,-N,No Flash,-N_45 (14).jpg
-N_No Flash,-N,No Flash,-N_1 (3).jpg
-N_No Flash,-N,No Flash,-N_55 (19).jpg
-N_No Flash,-N,No Flash,-N_64 (18).jpg
-N_No Flash,-N,No Flash,-N_44 (14).jpg
-N_No Flash,-N,No Flash,-N_52 (19).jpg
-N_No Flash,-N,No Flash,-N_29 (14).jpg
-N_No Flash,-N,No Flash,-N_53 (2).jpg
-N_No Flash,-N,No Flash,-N_8 (10).jpg
-N_No Flash,-N,No Flash,-N_37 (22).jpg
-N_No Flash,-N,No Flash,-N_1 (19).jpg
-N_No Flash,-N,No Flash,-N_58 (2).jpg
-N_No Flash,-N,No Flash,-N_51 (18).jpg
-N_No Flash,-N,No Flash,-N_58 (17).jpg
-N_No Flash,-N,No Flash,-N_42 (4).jpg
-N_No Flash,-N,No Flash,-N_7 (20).jpg
-N_No Flash,-N,No Flash,-N_5 (12).jpg
-N_No Flash,-N,No Flash,-N_12 (3).jpg
-N_No Flash,-N,No Flash,-N_55 (13).jpg
-N_No Flash,-N,No Flash,-N_29.jpg
-N_No Flash,-N,No Flash,-N_36 (7).jpg
-N_No Flash,-N,No Flash,-N_39 (20).jpg
-N_No Flash,-N,No Flash,-N_44 (3).jpg
-N_No Flash,-N,No Flash,-N_60 (18).jpg
-N_No Flash,-N,No Flash,-N_11 (6).jpg
-N_No Flash,-N,No Flash,-N_43 (12).jpg
-N_No Flash,-N,No Flash,-N_13 (14).jpg
-N_No Flash,-N,No Flash,-N_4 (10).jpg
-N_No Flash,-N,No Flash,-N_34 (16).jpg
-N_No Flash,-N,No Flash,-N_12 (19).jpg
-N_No Flash,-N,No Flash,-N_43 (17).jpg
-N_No Flash,-N,No Flash,-N_35 (17).jpg
-N_No Flash,-N,No Flash,-N_29 (15).jpg
-N_No Flash,-N,No Flash,-N_46.jpg
-N_No Flash,-N,No Flash,-N_4 (19).jpg
-N_No Flash,-N,No Flash,-N_31 (11).jpg
-N_No Flash,-N,No Flash,-N_54 (17).jpg
-N_No Flash,-N,No Flash,-N_34 (4).jpg
-N_No Flash,-N,No Flash,-N_17 (2).jpg
-N_No Flash,-N,No Flash,-N_9 (4).jpg
-N_No Flash,-N,No Flash,-N_1 (18).jpg
-N_No Flash,-N,No Flash,-N_30 (10).jpg
-N_No Flash,-N,No Flash,-N_50 (11).jpg
-N_No Flash,-N,No Flash,-N_61 (10).jpg
-N_No Flash,-N,No Flash,-N_44 (5).jpg
-N_No Flash,-N,No Flash,-N_10 (15).jpg
-N_No Flash,-N,No Flash,-N_7 (14).jpg
-N_No Flash,-N,No Flash,-N_46 (14).jpg
-N_No Flash,-N,No Flash,-N_37 (14).jpg
-N_No Flash,-N,No Flash,-N_3 (13).jpg
-N_No Flash,-N,No Flash,-N_48 (10).jpg
-N_No Flash,-N,No Flash,-N_47 (9).jpg
-N_No Flash,-N,No Flash,-N_32 (14).jpg
-N_No Flash,-N,No Flash,-N_29 (2).jpg
-N_No Flash,-N,No Flash,-N_44 (18).jpg
-N_No Flash,-N,No Flash,-N_22 (20).jpg
-N_No Flash,-N,No Flash,-N_10 (17).jpg
-N_No Flash,-N,No Flash,-N_26 (21).jpg
-N_No Flash,-N,No Flash,-N_19 (20).jpg
-N_No Flash,-N,No Flash,-N_48 (22).jpg
-N_No Flash,-N,No Flash,-N_31.jpg
-N_No Flash,-N,No Flash,-N_28 (10).jpg
-N_No Flash,-N,No Flash,-N_23 (10).jpg
-N_No Flash,-N,No Flash,-N_35 (8).jpg
-N_No Flash,-N,No Flash,-N_45.jpg
-N_No Flash,-N,No Flash,-N_24 (11).jpg
-N_No Flash,-N,No Flash,-N_42 (22).jpg
-N_No Flash,-N,No Flash,-N_22 (10).jpg
-N_No Flash,-N,No Flash,-N_24 (20).jpg
-N_No Flash,-N,No Flash,-N_27 (6).jpg
-N_No Flash,-N,No Flash,-N_26 (13).jpg
-N_No Flash,-N,No Flash,-N_34 (19).jpg
-N_No Flash,-N,No Flash,-N_64 (5).jpg
-N_No Flash,-N,No Flash,-N_63 (21).jpg
-N_No Flash,-N,No Flash,-N_41 (10).jpg
-N_No Flash,-N,No Flash,-N_28 (21).jpg
-N_No Flash,-N,No Flash,-N_27 (7).jpg
-N_No Flash,-N,No Flash,-N_26 (4).jpg
-N_No Flash,-N,No Flash,-N_37 (5).jpg
-N_No Flash,-N,No Flash,-N_2 (19).jpg
-N_No Flash,-N,No Flash,-N_38 (19).jpg
-N_No Flash,-N,No Flash,-N_55 (2).jpg
-N_No Flash,-N,No Flash,-N_48 (8).jpg
-N_No Flash,-N,No Flash,-N_8 (5).jpg
-N_No Flash,-N,No Flash,-N_37 (3).jpg
-N_No Flash,-N,No Flash,-N_52 (4).jpg
-N_No Flash,-N,No Flash,-N_64 (13).jpg
-N_No Flash,-N,No Flash,-N_23 (13).jpg
-N_No Flash,-N,No Flash,-N_25 (17).jpg
-N_No Flash,-N,No Flash,-N_35 (4).jpg
-N_No Flash,-N,No Flash,-N_37 (20).jpg
-N_No Flash,-N,No Flash,-N_7 (22).jpg
-N_No Flash,-N,No Flash,-N_17 (7).jpg
-N_No Flash,-N,No Flash,-N_19 (9).jpg
-N_No Flash,-N,No Flash,-N_60 (13).jpg
-N_No Flash,-N,No Flash,-N_7 (16).jpg
-N_No Flash,-N,No Flash,-N_11 (15).jpg
-N_No Flash,-N,No Flash,-N_50 (5).jpg
-N_No Flash,-N,No Flash,-N_57 (11).jpg
-N_No Flash,-N,No Flash,-N_59 (17).jpg
-N_No Flash,-N,No Flash,-N_47 (4).jpg
-N_No Flash,-N,No Flash,-N_9 (21).jpg
-N_No Flash,-N,No Flash,-N_57 (15).jpg
-N_No Flash,-N,No Flash,-N_35.jpg
-N_No Flash,-N,No Flash,-N_57 (3).jpg
-N_No Flash,-N,No Flash,-N_45 (21).jpg
-N_No Flash,-N,No Flash,-N_45 (9).jpg
-N_No Flash,-N,No Flash,-N_21 (3).jpg
-N_No Flash,-N,No Flash,-N_54 (10).jpg
-N_No Flash,-N,No Flash,-N_61 (2).jpg
-N_No Flash,-N,No Flash,-N_20 (21).jpg
-N_No Flash,-N,No Flash,-N_46 (15).jpg
-N_No Flash,-N,No Flash,-N_20 (15).jpg
-N_No Flash,-N,No Flash,-N_24 (21).jpg
-N_No Flash,-N,No Flash,-N_20 (8).jpg
-N_No Flash,-N,No Flash,-N_39 (17).jpg
-N_No Flash,-N,No Flash,-N_49 (16).jpg
-N_No Flash,-N,No Flash,-N_38 (17).jpg
-N_No Flash,-N,No Flash,-N_27 (17).jpg
-N_No Flash,-N,No Flash,-N_17 (8).jpg
-N_No Flash,-N,No Flash,-N_8 (3).jpg
-N_No Flash,-N,No Flash,-N_64 (21).jpg
-N_No Flash,-N,No Flash,-N_64 (9).jpg
-N_No Flash,-N,No Flash,-N_1 (2).jpg
-N_No Flash,-N,No Flash,-N_53 (5).jpg
-N_No Flash,-N,No Flash,-N_42 (16).jpg
-N_No Flash,-N,No Flash,-N_11 (9).jpg
-N_No Flash,-N,No Flash,-N_34 (7).jpg
-N_No Flash,-N,No Flash,-N_29 (13).jpg
-N_No Flash,-N,No Flash,-N_51 (17).jpg
-N_No Flash,-N,No Flash,-N_7 (4).jpg
-N_No Flash,-N,No Flash,-N_26 (16).jpg
-N_No Flash,-N,No Flash,-N_6 (22).jpg
-N_No Flash,-N,No Flash,-N_22 (9).jpg
-N_No Flash,-N,No Flash,-N_37 (8).jpg
-N_No Flash,-N,No Flash,-N_45 (20).jpg
-N_No Flash,-N,No Flash,-N_7 (17).jpg
-N_No Flash,-N,No Flash,-N_34 (13).jpg
-N_No Flash,-N,No Flash,-N_42 (3).jpg
-N_No Flash,-N,No Flash,-N_38 (11).jpg
-N_No Flash,-N,No Flash,-N_60 (10).jpg
-N_No Flash,-N,No Flash,-N_52 (11).jpg
-N_No Flash,-N,No Flash,-N_49 (19).jpg
-N_No Flash,-N,No Flash,-N_26 (2).jpg
-N_No Flash,-N,No Flash,-N_9 (20).jpg
-N_No Flash,-N,No Flash,-N_47 (10).jpg
-N_No Flash,-N,No Flash,-N_35 (5).jpg
-N_No Flash,-N,No Flash,-N_55 (7).jpg
-N_No Flash,-N,No Flash,-N_14.jpg
-N_No Flash,-N,No Flash,-N_1 (4).jpg
-N_No Flash,-N,No Flash,-N_42 (7).jpg
-N_No Flash,-N,No Flash,-N_36 (5).jpg
-N_No Flash,-N,No Flash,-N_60 (6).jpg
-N_No Flash,-N,No Flash,-N_17 (20).jpg
-N_No Flash,-N,No Flash,-N_17 (4).jpg
-N_No Flash,-N,No Flash,-N_13 (4).jpg
-N_No Flash,-N,No Flash,-N_11 (5).jpg
-N_No Flash,-N,No Flash,-N_40 (3).jpg
-N_No Flash,-N,No Flash,-N_59 (2).jpg
-N_No Flash,-N,No Flash,-N_57 (4).jpg
-N_No Flash,-N,No Flash,-N_41 (21).jpg
-N_No Flash,-N,No Flash,-N_62 (10).jpg
-N_No Flash,-N,No Flash,-N_45 (12).jpg
-N_No Flash,-N,No Flash,-N_12 (5).jpg
-N_No Flash,-N,No Flash,-N_32 (4).jpg
-N_No Flash,-N,No Flash,-N_63 (12).jpg
-N_No Flash,-N,No Flash,-N_23 (8).jpg
-N_No Flash,-N,No Flash,-N_47 (14).jpg
-N_No Flash,-N,No Flash,-N_53 (15).jpg
-N_No Flash,-N,No Flash,-N_51 (20).jpg
-N_No Flash,-N,No Flash,-N_28.jpg
-N_No Flash,-N,No Flash,-N_22 (13).jpg
-N_No Flash,-N,No Flash,-N_27 (9).jpg
-N_No Flash,-N,No Flash,-N_64 (2).jpg
-N_No Flash,-N,No Flash,-N_14 (13).jpg
-N_No Flash,-N,No Flash,-N_27 (5).jpg
-N_No Flash,-N,No Flash,-N_2 (17).jpg
-N_No Flash,-N,No Flash,-N_24 (16).jpg
-N_No Flash,-N,No Flash,-N_39.jpg
-N_No Flash,-N,No Flash,-N_2.jpg
-N_No Flash,-N,No Flash,-N_61 (12).jpg
-N_No Flash,-N,No Flash,-N_9 (7).jpg
-N_No Flash,-N,No Flash,-N_20 (17).jpg
-N_No Flash,-N,No Flash,-N_63 (14).jpg
-N_No Flash,-N,No Flash,-N_41 (3).jpg
-N_No Flash,-N,No Flash,-N_36 (22).jpg
-N_No Flash,-N,No Flash,-N_14 (21).jpg
-N_No Flash,-N,No Flash,-N_4 (21).jpg
-N_No Flash,-N,No Flash,-N_6 (21).jpg
-N_No Flash,-N,No Flash,-N_46 (20).jpg
-N_No Flash,-N,No Flash,-N_52 (3).jpg
-N_No Flash,-N,No Flash,-N_1 (5).jpg
-N_No Flash,-N,No Flash,-N_46 (13).jpg
-N_No Flash,-N,No Flash,-N_3.jpg
-N_No Flash,-N,No Flash,-N_38 (16).jpg
-N_No Flash,-N,No Flash,-N_51.jpg
-N_No Flash,-N,No Flash,-N_37 (7).jpg
-N_No Flash,-N,No Flash,-N_47 (7).jpg
-N_No Flash,-N,No Flash,-N_64 (17).jpg
-N_No Flash,-N,No Flash,-N_30 (9).jpg
-N_No Flash,-N,No Flash,-N_57 (6).jpg
-N_No Flash,-N,No Flash,-N_51 (12).jpg
-N_No Flash,-N,No Flash,-N_30 (16).jpg
-N_No Flash,-N,No Flash,-N_5 (22).jpg
-N_No Flash,-N,No Flash,-N_6 (9).jpg
-N_No Flash,-N,No Flash,-N_17 (9).jpg
-N_No Flash,-N,No Flash,-N_54 (9).jpg
-N_No Flash,-N,No Flash,-N_17 (17).jpg
-N_No Flash,-N,No Flash,-N_8 (13).jpg
-N_No Flash,-N,No Flash,-N_31 (20).jpg
-N_No Flash,-N,No Flash,-N_62 (18).jpg
-N_No Flash,-N,No Flash,-N_41 (20).jpg
-N_No Flash,-N,No Flash,-N_62 (20).jpg
-N_No Flash,-N,No Flash,-N_63 (13).jpg
-N_No Flash,-N,No Flash,-N_16.jpg
-N_No Flash,-N,No Flash,-N_34 (20).jpg
-N_No Flash,-N,No Flash,-N_26 (11).jpg
-N_No Flash,-N,No Flash,-N_20 (13).jpg
-N_No Flash,-N,No Flash,-N_12 (20).jpg
-N_No Flash,-N,No Flash,-N_41 (14).jpg
-N_No Flash,-N,No Flash,-N_50 (3).jpg
-N_No Flash,-N,No Flash,-N_61 (22).jpg
-N_No Flash,-N,No Flash,-N_5 (9).jpg
-N_No Flash,-N,No Flash,-N_6 (7).jpg
-N_No Flash,-N,No Flash,-N_47 (21).jpg
-N_No Flash,-N,No Flash,-N_50 (8).jpg
-N_No Flash,-N,No Flash,-N_37 (2).jpg
-N_No Flash,-N,No Flash,-N_58 (10).jpg
-N_No Flash,-N,No Flash,-N_60 (11).jpg
-N_No Flash,-N,No Flash,-N_43 (22).jpg
-N_No Flash,-N,No Flash,-N_53 (4).jpg
-N_No Flash,-N,No Flash,-N_40 (13).jpg
-N_No Flash,-N,No Flash,-N_29 (20).jpg
-N_No Flash,-N,No Flash,-N_36 (12).jpg
-N_No Flash,-N,No Flash,-N_54 (15).jpg
-N_No Flash,-N,No Flash,-N_45 (2).jpg
-N_No Flash,-N,No Flash,-N_7 (19).jpg
-N_No Flash,-N,No Flash,-N_27 (14).jpg
-N_No Flash,-N,No Flash,-N_21 (18).jpg
-N_No Flash,-N,No Flash,-N_2 (8).jpg
-N_No Flash,-N,No Flash,-N_37 (10).jpg
-N_No Flash,-N,No Flash,-N_1 (12).jpg
-N_No Flash,-N,No Flash,-N_26 (19).jpg
-N_No Flash,-N,No Flash,-N_57 (9).jpg
-N_No Flash,-N,No Flash,-N_23 (18).jpg
-N_No Flash,-N,No Flash,-N_24 (14).jpg
-N_No Flash,-N,No Flash,-N_48 (14).jpg
-N_No Flash,-N,No Flash,-N_17 (16).jpg
-N_No Flash,-N,No Flash,-N_3 (2).jpg
-N_No Flash,-N,No Flash,-N_41.jpg
-N_No Flash,-N,No Flash,-N_48 (12).jpg
-N_No Flash,-N,No Flash,-N_42 (13).jpg
-N_No Flash,-N,No Flash,-N_45 (15).jpg
-N_No Flash,-N,No Flash,-N_62 (17).jpg
-N_No Flash,-N,No Flash,-N_20 (3).jpg
-N_No Flash,-N,No Flash,-N_19 (8).jpg
-N_No Flash,-N,No Flash,-N_34 (6).jpg
-N_No Flash,-N,No Flash,-N_46 (19).jpg
-N_No Flash,-N,No Flash,-N_28 (22).jpg
-N_No Flash,-N,No Flash,-N_14 (10).jpg
-N_No Flash,-N,No Flash,-N_57 (18).jpg
-K_Flash,-K,Flash,flipped_-K_21 (8).jpg
-K_Flash,-K,Flash,-K_12 (14).jpg
-K_Flash,-K,Flash,flipped_-K_13 (15).jpg
-K_Flash,-K,Flash,-K_10 (16).jpg
-K_Flash,-K,Flash,-K_1 (4).jpg
-K_Flash,-K,Flash,flipped_-K_11 (7).jpg
-K_Flash,-K,Flash,flipped_-K_14 (4).jpg
-K_Flash,-K,Flash,-K_24 (15).jpg
-K_Flash,-K,Flash,flipped_-K_8 (11).jpg
-K_Flash,-K,Flash,flipped_-K_13 (8).jpg
-K_Flash,-K,Flash,-K_22 (7).jpg
-K_Flash,-K,Flash,flipped_-K_2 (8).jpg
-K_Flash,-K,Flash,flipped_-K_13 (13).jpg
-K_Flash,-K,Flash,-K_16 (3).jpg
-K_Flash,-K,Flash,-K_17 (14).jpg
-K_Flash,-K,Flash,-K_3 (19).jpg
-K_Flash,-K,Flash,flipped_-K_3 (3).jpg
-K_Flash,-K,Flash,-K_13 (6).jpg
-K_Flash,-K,Flash,flipped_-K_11 (6).jpg
-K_Flash,-K,Flash,flipped_-K_10 (4).jpg
-K_Flash,-K,Flash,flipped_-K_5 (19).jpg
-K_Flash,-K,Flash,flipped_-K_23 (7).jpg
-K_Flash,-K,Flash,flipped_-K_7 (10).jpg
-K_Flash,-K,Flash,-K_19 (10).jpg
-K_Flash,-K,Flash,flipped_-K_2 (9).jpg
-K_Flash,-K,Flash,-K_21.jpg
-K_Flash,-K,Flash,-K_19 (11).jpg
-K_Flash,-K,Flash,-K_21 (4).jpg
-K_Flash,-K,Flash,-K_8 (18).jpg
-K_Flash,-K,Flash,flipped_-K_1 (8).jpg
-K_Flash,-K,Flash,-K_7 (15).jpg
-K_Flash,-K,Flash,-K_2 (7).jpg
-K_Flash,-K,Flash,-K_9 (12).jpg
-K_Flash,-K,Flash,flipped_-K_2 (18).jpg
-K_Flash,-K,Flash,-K_7 (10).jpg
-K_Flash,-K,Flash,flipped_-K_3 (16).jpg
-K_Flash,-K,Flash,-K_13 (8).jpg
-K_Flash,-K,Flash,flipped_-K_17 (7).jpg
-K_Flash,-K,Flash,flipped_-K_24 (11).jpg
-K_Flash,-K,Flash,flipped_-K_24 (13).jpg
-K_Flash,-K,Flash,-K_10 (5).jpg
-K_Flash,-K,Flash,-K_23 (15).jpg
-K_Flash,-K,Flash,flipped_-K_13 (11).jpg
-K_Flash,-K,Flash,-K_24 (4).jpg
-K_Flash,-K,Flash,-K_7 (16).jpg
-K_Flash,-K,Flash,-K_9 (8).jpg
-K_Flash,-K,Flash,-K_11 (13).jpg
-K_Flash,-K,Flash,flipped_-K_20 (12).jpg
-K_Flash,-K,Flash,flipped_-K_21 (12).jpg
-K_Flash,-K,Flash,flipped_-K_17 (6).jpg
-K_Flash,-K,Flash,-K_21 (15).jpg
-K_Flash,-K,Flash,-K_4 (15).jpg
-K_Flash,-K,Flash,flipped_-K_10 (9).jpg
-K_Flash,-K,Flash,flipped_-K_12 (15).jpg
-K_Flash,-K,Flash,flipped_-K_6 (21).jpg
-K_Flash,-K,Flash,flipped_-K_21 (10).jpg
-K_Flash,-K,Flash,-K_23 (14).jpg
-K_Flash,-K,Flash,flipped_-K_4 (3).jpg
-K_Flash,-K,Flash,-K_23 (5).jpg
-K_Flash,-K,Flash,flipped_-K_13 (4).jpg
-K_Flash,-K,Flash,flipped_-K_4 (10).jpg
-K_Flash,-K,Flash,flipped_-K_2 (10).jpg
-K_Flash,-K,Flash,flipped_-K_7 (5).jpg
-K_Flash,-K,Flash,flipped_-K_13.jpg
-K_Flash,-K,Flash,-K_13 (4).jpg
-K_Flash,-K,Flash,-K_14 (4).jpg
-K_Flash,-K,Flash,flipped_-K_9 (2).jpg
-K_Flash,-K,Flash,-K_16 (5).jpg
-K_Flash,-K,Flash,-K_8 (3).jpg
-K_Flash,-K,Flash,-K_1 (11).jpg
-K_Flash,-K,Flash,flipped_-K_19 (16).jpg
-K_Flash,-K,Flash,-K_1 (15).jpg
-K_Flash,-K,Flash,-K_19 (14).jpg
-K_Flash,-K,Flash,flipped_-K_4 (4).jpg
-K_Flash,-K,Flash,-K_24 (10).jpg
-K_Flash,-K,Flash,-K_3 (18).jpg
-K_Flash,-K,Flash,flipped_-K_5 (22).jpg
-K_Flash,-K,Flash,-K_20 (9).jpg
-K_Flash,-K,Flash,-K_9 (9).jpg
-K_Flash,-K,Flash,-K_6 (22).jpg
-K_Flash,-K,Flash,flipped_-K_20 (13).jpg
-K_Flash,-K,Flash,flipped_-K_24 (8).jpg
-K_Flash,-K,Flash,-K_9 (7).jpg
-K_Flash,-K,Flash,flipped_-K_11 (10).jpg
-K_Flash,-K,Flash,flipped_-K_21 (13).jpg
-K_Flash,-K,Flash,flipped_-K_11 (5).jpg
-K_Flash,-K,Flash,-K_5 (5).jpg
-K_Flash,-K,Flash,flipped_-K_6 (8).jpg
-K_Flash,-K,Flash,flipped_-K_10 (8).jpg
-K_Flash,-K,Flash,flipped_-K_14 (3).jpg
-K_Flash,-K,Flash,flipped_-K_23 (10).jpg
-K_Flash,-K,Flash,flipped_-K_22 (12).jpg
-K_Flash,-K,Flash,flipped_-K_11 (14).jpg
-K_Flash,-K,Flash,flipped_-K_6 (17).jpg
-K_Flash,-K,Flash,flipped_-K_23 (16).jpg
-K_Flash,-K,Flash,flipped_-K_12 (9).jpg
-K_Flash,-K,Flash,-K_11 (12).jpg
-K_Flash,-K,Flash,-K_9 (11).jpg
-K_Flash,-K,Flash,-K_1 (8).jpg
-K_Flash,-K,Flash,flipped_-K_2 (21).jpg
-K_Flash,-K,Flash,flipped_-K_12 (10).jpg
-K_Flash,-K,Flash,-K_9 (17).jpg
-K_Flash,-K,Flash,-K_19 (4).jpg
-K_Flash,-K,Flash,flipped_-K_20 (15).jpg
-K_Flash,-K,Flash,-K_11.jpg
-K_Flash,-K,Flash,-K_23 (4).jpg
-K_Flash,-K,Flash,flipped_-K_8 (17).jpg
-K_Flash,-K,Flash,flipped_-K_3 (17).jpg
-K_Flash,-K,Flash,-K_17 (8).jpg
-K_Flash,-K,Flash,-K_5 (14).jpg
-K_Flash,-K,Flash,-K_1 (2).jpg
-K_Flash,-K,Flash,flipped_-K_1 (9).jpg
-K_Flash,-K,Flash,-K_13 (11).jpg
-K_Flash,-K,Flash,-K_3 (21).jpg
-K_Flash,-K,Flash,-K_3 (10).jpg
-K_Flash,-K,Flash,flipped_-K_23 (6).jpg
-K_Flash,-K,Flash,flipped_-K_5 (12).jpg
-K_Flash,-K,Flash,flipped_-K_22 (7).jpg
-K_Flash,-K,Flash,-K_7 (3).jpg
-K_Flash,-K,Flash,-K_1 (12).jpg
-K_Flash,-K,Flash,-K_3 (13).jpg
-K_Flash,-K,Flash,flipped_-K_6 (5).jpg
-K_Flash,-K,Flash,flipped_-K_24 (3).jpg
-K_Flash,-K,Flash,flipped_-K_7 (18).jpg
-K_Flash,-K,Flash,flipped_-K_6 (9).jpg
-K_Flash,-K,Flash,flipped_-K_1 (16).jpg
-K_Flash,-K,Flash,-K_23.jpg
-K_Flash,-K,Flash,flipped_-K_1 (17).jpg
-K_Flash,-K,Flash,-K_3 (22).jpg
-K_Flash,-K,Flash,flipped_-K_10 (15).jpg
-K_Flash,-K,Flash,-K_13 (14).jpg
-K_Flash,-K,Flash,flipped_-K_1 (2).jpg
-K_Flash,-K,Flash,-K_23 (9).jpg
-K_Flash,-K,Flash,-K_17 (2).jpg
-K_Flash,-K,Flash,-K_11 (10).jpg
-K_Flash,-K,Flash,-K_2 (4).jpg
-K_Flash,-K,Flash,-K_11 (8).jpg
-K_Flash,-K,Flash,-K_5 (6).jpg
-K_Flash,-K,Flash,flipped_-K_22 (3).jpg
-K_Flash,-K,Flash,-K_5 (7).jpg
-K_Flash,-K,Flash,-K_21 (11).jpg
-K_Flash,-K,Flash,-K_13 (5).jpg
-K_Flash,-K,Flash,flipped_-K_23 (9).jpg
-K_Flash,-K,Flash,flipped_-K_16 (2).jpg
-K_Flash,-K,Flash,flipped_-K_23 (13).jpg
-K_Flash,-K,Flash,-K_24 (5).jpg
-K_Flash,-K,Flash,flipped_-K_23 (12).jpg
-K_Flash,-K,Flash,-K_3 (15).jpg
-K_Flash,-K,Flash,-K_10 (8).jpg
-K_Flash,-K,Flash,-K_6 (19).jpg
-K_Flash,-K,Flash,flipped_-K_21 (7).jpg
-K_Flash,-K,Flash,flipped_-K_9 (7).jpg
-K_Flash,-K,Flash,-K_17 (4).jpg
-K_Flash,-K,Flash,-K_1 (21).jpg
-K_Flash,-K,Flash,-K_2 (10).jpg
-K_Flash,-K,Flash,-K_24 (8).jpg
-K_Flash,-K,Flash,flipped_-K_1 (3).jpg
-K_Flash,-K,Flash,-K_6 (9).jpg
-K_Flash,-K,Flash,-K_20 (12).jpg
-K_Flash,-K,Flash,flipped_-K_14 (9).jpg
-K_Flash,-K,Flash,-K_16 (15).jpg
-K_Flash,-K,Flash,-K_8 (19).jpg
-K_Flash,-K,Flash,-K_22 (14).jpg
-K_Flash,-K,Flash,flipped_-K_7 (19).jpg
-K_Flash,-K,Flash,flipped_-K_13 (10).jpg
-K_Flash,-K,Flash,flipped_-K_21.jpg
-K_Flash,-K,Flash,flipped_-K_1 (4).jpg
-K_Flash,-K,Flash,flipped_-K_19 (6).jpg
-K_Flash,-K,Flash,flipped_-K_6 (16).jpg
-K_Flash,-K,Flash,flipped_-K_18 (4).jpg
-K_Flash,-K,Flash,flipped_-K_9 (4).jpg
-K_Flash,-K,Flash,-K_1 (7).jpg
-K_Flash,-K,Flash,flipped_-K_12 (4).jpg
-K_Flash,-K,Flash,flipped_-K_1 (6).jpg
-K_Flash,-K,Flash,flipped_-K_9 (16).jpg
-K_Flash,-K,Flash,-K_6 (2).jpg
-K_Flash,-K,Flash,-K_3.jpg
-K_Flash,-K,Flash,-K_9 (14).jpg
-K_Flash,-K,Flash,-K_8 (5).jpg
-K_Flash,-K,Flash,flipped_-K_1 (10).jpg
-K_Flash,-K,Flash,-K_2 (22).jpg
-K_Flash,-K,Flash,flipped_-K_6 (12).jpg
-K_Flash,-K,Flash,-K_24 (6).jpg
-K_Flash,-K,Flash,-K_11 (5).jpg
-K_Flash,-K,Flash,flipped_-K_23 (4).jpg
-K_Flash,-K,Flash,-K_7 (9).jpg
-K_Flash,-K,Flash,-K_12 (6).jpg
-K_Flash,-K,Flash,-K_13 (7).jpg
-K_Flash,-K,Flash,flipped_-K_6 (6).jpg
-K_Flash,-K,Flash,-K_5 (2).jpg
-K_Flash,-K,Flash,-K_21 (13).jpg
-K_Flash,-K,Flash,-K_7 (14).jpg
-K_Flash,-K,Flash,-K_18 (12).jpg
-K_Flash,-K,Flash,flipped_-K_12 (6).jpg
-K_Flash,-K,Flash,flipped_-K_10 (7).jpg
-K_Flash,-K,Flash,-K_19 (13).jpg
-K_Flash,-K,Flash,-K_22 (13).jpg
-K_Flash,-K,Flash,-K_4 (22).jpg
-K_Flash,-K,Flash,-K_5 (18).jpg
-K_Flash,-K,Flash,-K_10 (10).jpg
-K_Flash,-K,Flash,flipped_-K_23 (8).jpg
-K_Flash,-K,Flash,-K_24 (3).jpg
-K_Flash,-K,Flash,-K_24 (11).jpg
-K_Flash,-K,Flash,flipped_-K_10 (2).jpg
-K_Flash,-K,Flash,-K_13.jpg
-K_Flash,-K,Flash,-K_2 (12).jpg
-K_Flash,-K,Flash,flipped_-K_6 (11).jpg
-K_Flash,-K,Flash,flipped_-K_14 (6).jpg
-K_Flash,-K,Flash,-K_17 (10).jpg
-K_Flash,-K,Flash,-K_3 (3).jpg
-K_Flash,-K,Flash,-K_7 (2).jpg
-K_Flash,-K,Flash,-K_16 (10).jpg
-K_Flash,-K,Flash,flipped_-K_6 (19).jpg
-K_Flash,-K,Flash,flipped_-K_9 (15).jpg
-K_Flash,-K,Flash,-K_22 (10).jpg
-K_Flash,-K,Flash,-K_6.jpg
-K_Flash,-K,Flash,-K_2 (18).jpg
-K_Flash,-K,Flash,-K_23 (7).jpg
-K_Flash,-K,Flash,-K_20 (4).jpg
-K_Flash,-K,Flash,flipped_-K_2 (22).jpg
-K_Flash,-K,Flash,flipped_-K_17 (2).jpg
-K_Flash,-K,Flash,flipped_-K_3 (2).jpg
-K_Flash,-K,Flash,-K_19 (9).jpg
-K_Flash,-K,Flash,flipped_-K_1 (13).jpg
-K_Flash,-K,Flash,flipped_-K_1 (12).jpg
-K_Flash,-K,Flash,-K_8 (10).jpg
-K_Flash,-K,Flash,-K_12.jpg
-K_Flash,-K,Flash,-K_7 (18).jpg
-K_Flash,-K,Flash,-K_8 (16).jpg
-K_Flash,-K,Flash,-K_2 (14).jpg
-K_Flash,-K,Flash,-K_4 (3).jpg
-K_Flash,-K,Flash,flipped_-K_24 (12).jpg
-K_Flash,-K,Flash,flipped_-K_7 (8).jpg
-K_Flash,-K,Flash,flipped_-K_20 (7).jpg
-K_Flash,-K,Flash,flipped_-K_3 (19).jpg
-K_Flash,-K,Flash,-K_7 (8).jpg
-K_Flash,-K,Flash,flipped_-K_16 (11).jpg
-K_Flash,-K,Flash,-K_23 (13).jpg
-K_Flash,-K,Flash,flipped_-K_2 (14).jpg
-K_Flash,-K,Flash,-K_22 (5).jpg
-K_Flash,-K,Flash,flipped_-K_6 (20).jpg
-K_Flash,-K,Flash,flipped_-K_22 (5).jpg
-K_Flash,-K,Flash,flipped_-K_5 (21).jpg
-K_Flash,-K,Flash,flipped_-K_24 (9).jpg
-K_Flash,-K,Flash,-K_1 (16).jpg
-K_Flash,-K,Flash,flipped_-K_13 (6).jpg
-K_Flash,-K,Flash,flipped_-K_5 (13).jpg
-K_Flash,-K,Flash,-K_16 (6).jpg
-K_Flash,-K,Flash,-K_5 (11).jpg
-K_Flash,-K,Flash,flipped_-K_20 (3).jpg
-K_Flash,-K,Flash,flipped_-K_12 (13).jpg
-K_Flash,-K,Flash,-K_5 (10).jpg
-K_Flash,-K,Flash,-K_14 (9).jpg
-K_Flash,-K,Flash,flipped_-K_9 (10).jpg
-K_Flash,-K,Flash,flipped_-K_20 (11).jpg
-K_Flash,-K,Flash,flipped_-K_8 (19).jpg
-K_Flash,-K,Flash,flipped_-K_8 (6).jpg
-K_Flash,-K,Flash,-K_6 (3).jpg
-K_Flash,-K,Flash,-K_21 (5).jpg
-K_Flash,-K,Flash,flipped_-K_23 (5).jpg
-K_Flash,-K,Flash,-K_20 (6).jpg
-K_Flash,-K,Flash,flipped_-K_10 (3).jpg
-K_Flash,-K,Flash,-K_20.jpg
-K_Flash,-K,Flash,-K_2 (5).jpg
-K_Flash,-K,Flash,-K_5 (22).jpg
-K_Flash,-K,Flash,flipped_-K_8 (21).jpg
-K_Flash,-K,Flash,flipped_-K_21 (9).jpg
-K_Flash,-K,Flash,-K_21 (6).jpg
-K_Flash,-K,Flash,flipped_-K_16 (16).jpg
-K_Flash,-K,Flash,-K_16 (14).jpg
-K_Flash,-K,Flash,flipped_-K_4 (19).jpg
-K_Flash,-K,Flash,-K_8 (21).jpg
-K_Flash,-K,Flash,flipped_-K_16 (15).jpg
-K_Flash,-K,Flash,flipped_-K_12 (3).jpg
-K_Flash,-K,Flash,-K_11 (6).jpg
-K_Flash,-K,Flash,-K_2 (3).jpg
-K_Flash,-K,Flash,flipped_-K_23.jpg
-K_Flash,-K,Flash,flipped_-K_17 (15).jpg
-K_Flash,-K,Flash,flipped_-K_6 (7).jpg
-K_Flash,-K,Flash,-K_18 (3).jpg
-K_Flash,-K,Flash,flipped_-K_9 (9).jpg
-K_Flash,-K,Flash,-K_22 (8).jpg
-K_Flash,-K,Flash,-K_6 (13).jpg
-K_Flash,-K,Flash,-K_16 (4).jpg
-K_Flash,-K,Flash,flipped_-K_2 (16).jpg
-K_Flash,-K,Flash,-K_16.jpg
-K_Flash,-K,Flash,-K_22 (12).jpg
-K_Flash,-K,Flash,flipped_-K_18 (12).jpg
-K_Flash,-K,Flash,-K_8 (11).jpg
-K_Flash,-K,Flash,flipped_-K_8 (3).jpg
-K_Flash,-K,Flash,flipped_-K_13 (2).jpg
-K_Flash,-K,Flash,flipped_-K_2.jpg
-K_Flash,-K,Flash,flipped_-K_17 (14).jpg
-K_Flash,-K,Flash,-K_7.jpg
-K_Flash,-K,Flash,flipped_-K_24 (4).jpg
-K_Flash,-K,Flash,-K_10 (15).jpg
-K_Flash,-K,Flash,flipped_-K_17 (13).jpg
-K_Flash,-K,Flash,flipped_-K_2 (19).jpg
-K_Flash,-K,Flash,flipped_-K_12 (5).jpg
-K_Flash,-K,Flash,flipped_-K_24 (14).jpg
-K_Flash,-K,Flash,-K_18 (4).jpg
-K_Flash,-K,Flash,-K_6 (11).jpg
-K_Flash,-K,Flash,-K_7 (19).jpg
-K_Flash,-K,Flash,flipped_-K_9 (14).jpg
-K_Flash,-K,Flash,-K_20 (2).jpg
-K_Flash,-K,Flash,flipped_-K_22 (13).jpg
-K_Flash,-K,Flash,-K_4 (4).jpg
-K_Flash,-K,Flash,flipped_-K_9 (12).jpg
-K_Flash,-K,Flash,-K_8 (8).jpg
-K_Flash,-K,Flash,flipped_-K_23 (3).jpg
-K_Flash,-K,Flash,flipped_-K_6 (10).jpg
-K_Flash,-K,Flash,-K_22.jpg
-K_Flash,-K,Flash,flipped_-K_3 (11).jpg
-K_Flash,-K,Flash,-K_6 (16).jpg
-K_Flash,-K,Flash,-K_8 (13).jpg
-K_Flash,-K,Flash,flipped_-K_8.jpg
-K_Flash,-K,Flash,-K_6 (18).jpg
-K_Flash,-K,Flash,flipped_-K_6 (18).jpg
-K_Flash,-K,Flash,flipped_-K_22 (4).jpg
-K_Flash,-K,Flash,flipped_-K_3 (21).jpg
-K_Flash,-K,Flash,flipped_-K_19 (11).jpg
-K_Flash,-K,Flash,flipped_-K_2 (2).jpg
-K_Flash,-K,Flash,-K_7 (5).jpg
-K_Flash,-K,Flash,flipped_-K_5 (2).jpg
-K_Flash,-K,Flash,flipped_-K_21 (6).jpg
-K_Flash,-K,Flash,-K_17 (13).jpg
-K_Flash,-K,Flash,flipped_-K_17 (11).jpg
-K_Flash,-K,Flash,flipped_-K_5 (14).jpg
-K_Flash,-K,Flash,-K_1.jpg
-K_Flash,-K,Flash,-K_12 (9).jpg
-K_Flash,-K,Flash,-K_4 (7).jpg
-K_Flash,-K,Flash,-K_18 (11).jpg
-K_Flash,-K,Flash,-K_3 (11).jpg
-K_Flash,-K,Flash,flipped_-K_16 (13).jpg
-K_Flash,-K,Flash,flipped_-K_11 (8).jpg
-K_Flash,-K,Flash,flipped_-K_4 (2).jpg
-K_Flash,-K,Flash,-K_8 (7).jpg
-K_Flash,-K,Flash,flipped_-K_3 (5).jpg
-K_Flash,-K,Flash,-K_18 (7).jpg
-K_Flash,-K,Flash,-K_1 (17).jpg
-K_Flash,-K,Flash,-K_6 (7).jpg
-K_Flash,-K,Flash,-K_5 (17).jpg
-K_Flash,-K,Flash,flipped_-K_5 (6).jpg
-K_Flash,-K,Flash,flipped_-K_1 (20).jpg
-K_Flash,-K,Flash,flipped_-K_2 (13).jpg
-K_Flash,-K,Flash,flipped_-K_5 (15).jpg
-K_Flash,-K,Flash,flipped_-K_1 (11).jpg
-K_Flash,-K,Flash,-K_20 (16).jpg
-K_Flash,-K,Flash,flipped_-K_19 (5).jpg
-K_Flash,-K,Flash,-K_7 (17).jpg
-K_Flash,-K,Flash,-K_19 (7).jpg
-K_Flash,-K,Flash,-K_10 (4).jpg
-K_Flash,-K,Flash,flipped_-K_13 (7).jpg
-K_Flash,-K,Flash,flipped_-K_5 (3).jpg
-K_Flash,-K,Flash,-K_16 (2).jpg
-K_Flash,-K,Flash,flipped_-K_3 (15).jpg
-K_Flash,-K,Flash,flipped_-K_7 (4).jpg
-K_Flash,-K,Flash,-K_23 (6).jpg
-K_Flash,-K,Flash,flipped_-K_4 (7).jpg
-K_Flash,-K,Flash,-K_12 (15).jpg
-K_Flash,-K,Flash,-K_12 (4).jpg
-K_Flash,-K,Flash,flipped_-K_24 (5).jpg
-K_Flash,-K,Flash,flipped_-K_18 (2).jpg
-K_Flash,-K,Flash,-K_3 (14).jpg
-K_Flash,-K,Flash,flipped_-K_14.jpg
-K_Flash,-K,Flash,-K_3 (16).jpg
-K_Flash,-K,Flash,flipped_-K_7 (11).jpg
-K_Flash,-K,Flash,-K_10 (11).jpg
-K_Flash,-K,Flash,-K_21 (8).jpg
-K_Flash,-K,Flash,flipped_-K_17 (4).jpg
-K_Flash,-K,Flash,flipped_-K_16 (9).jpg
-K_Flash,-K,Flash,-K_2 (2).jpg
-K_Flash,-K,Flash,-K_11 (11).jpg
-K_Flash,-K,Flash,flipped_-K_13 (5).jpg
-K_Flash,-K,Flash,flipped_-K_4 (21).jpg
-K_Flash,-K,Flash,flipped_-K_18 (6).jpg
-K_Flash,-K,Flash,flipped_-K_18 (15).jpg
-K_Flash,-K,Flash,flipped_-K_16 (12).jpg
-K_Flash,-K,Flash,flipped_-K_4 (12).jpg
-K_Flash,-K,Flash,-K_2 (16).jpg
-K_Flash,-K,Flash,-K_19 (8).jpg
-K_Flash,-K,Flash,-K_6 (21).jpg
-K_Flash,-K,Flash,-K_12 (3).jpg
-K_Flash,-K,Flash,flipped_-K_3 (12).jpg
-K_Flash,-K,Flash,-K_5 (12).jpg
-K_Flash,-K,Flash,flipped_-K_7 (15).jpg
-K_Flash,-K,Flash,flipped_-K_3 (14).jpg
-K_Flash,-K,Flash,flipped_-K_11 (3).jpg
-K_Flash,-K,Flash,flipped_-K_16 (17).jpg
-K_Flash,-K,Flash,flipped_-K_14 (8).jpg
-K_Flash,-K,Flash,-K_5 (19).jpg
-K_Flash,-K,Flash,flipped_-K_10 (10).jpg
-K_Flash,-K,Flash,flipped_-K_9 (6).jpg
-K_Flash,-K,Flash,flipped_-K_20 (10).jpg
-K_Flash,-K,Flash,flipped_-K_5 (5).jpg
-K_Flash,-K,Flash,flipped_-K_19 (12).jpg
-K_Flash,-K,Flash,-K_7 (6).jpg
-K_Flash,-K,Flash,flipped_-K_3 (13).jpg
-K_Flash,-K,Flash,flipped_-K_18 (11).jpg
-K_Flash,-K,Flash,-K_22 (4).jpg
-K_No Flash,-K,No Flash,-K_23 (11).jpg
-K_No Flash,-K,No Flash,-K_10 (4).jpg
-K_No Flash,-K,No Flash,-K_11 (7).jpg
-K_No Flash,-K,No Flash,flipped_-K_2 (17).jpg
-K_No Flash,-K,No Flash,flipped_-K_6 (9).jpg
-K_No Flash,-K,No Flash,-K_6 (2).jpg
-K_No Flash,-K,No Flash,flipped_-K_8 (17).jpg
-K_No Flash,-K,No Flash,flipped_-K_5 (7).jpg
-K_No Flash,-K,No Flash,-K_11 (3).jpg
-K_No Flash,-K,No Flash,-K_9 (5).jpg
-K_No Flash,-K,No Flash,-K_20 (4).jpg
-K_No Flash,-K,No Flash,-K_22 (9).jpg
-K_No Flash,-K,No Flash,flipped_-K_4 (18).jpg
-K_No Flash,-K,No Flash,flipped_-K_21 (5).jpg
-K_No Flash,-K,No Flash,flipped_-K_5 (11).jpg
-K_No Flash,-K,No Flash,-K_16 (9).jpg
-K_No Flash,-K,No Flash,-K_4 (5).jpg
-K_No Flash,-K,No Flash,-K_4 (20).jpg
-K_No Flash,-K,No Flash,-K_20 (9).jpg
-K_No Flash,-K,No Flash,flipped_-K_11 (10).jpg
-K_No Flash,-K,No Flash,-K_7 (10).jpg
-K_No Flash,-K,No Flash,-K_23 (3).jpg
-K_No Flash,-K,No Flash,-K_3 (7).jpg
-K_No Flash,-K,No Flash,flipped_-K_6 (15).jpg
-K_No Flash,-K,No Flash,flipped_-K_1 (5).jpg
-K_No Flash,-K,No Flash,-K_1.jpg
-K_No Flash,-K,No Flash,flipped_-K_7 (8).jpg
-K_No Flash,-K,No Flash,flipped_-K_5 (4).jpg
-K_No Flash,-K,No Flash,-K_21 (6).jpg
-K_No Flash,-K,No Flash,flipped_-K_18.jpg
-K_No Flash,-K,No Flash,flipped_-K_7 (6).jpg
-K_No Flash,-K,No Flash,flipped_-K_2 (4).jpg
-K_No Flash,-K,No Flash,-K_16 (5).jpg
-K_No Flash,-K,No Flash,flipped_-K_11 (2).jpg
-K_No Flash,-K,No Flash,-K_5 (3).jpg
-K_No Flash,-K,No Flash,-K_1 (3).jpg
-K_No Flash,-K,No Flash,-K_5 (13).jpg
-K_No Flash,-K,No Flash,flipped_-K_13 (8).jpg
-K_No Flash,-K,No Flash,flipped_-K_17 (10).jpg
-K_No Flash,-K,No Flash,-K_9 (7).jpg
-K_No Flash,-K,No Flash,flipped_-K_3 (17).jpg
-K_No Flash,-K,No Flash,-K_17 (14).jpg
-K_No Flash,-K,No Flash,flipped_-K_2 (9).jpg
-K_No Flash,-K,No Flash,flipped_-K_23 (7).jpg
-K_No Flash,-K,No Flash,flipped_-K_19 (7).jpg
-K_No Flash,-K,No Flash,flipped_-K_20.jpg
-K_No Flash,-K,No Flash,-K_8 (10).jpg
-K_No Flash,-K,No Flash,flipped_-K_6 (12).jpg
-K_No Flash,-K,No Flash,flipped_-K_4 (7).jpg
-K_No Flash,-K,No Flash,flipped_-K_1 (6).jpg
-K_No Flash,-K,No Flash,-K_8 (7).jpg
-K_No Flash,-K,No Flash,flipped_-K_3 (16).jpg
-K_No Flash,-K,No Flash,flipped_-K_12 (5).jpg
-K_No Flash,-K,No Flash,flipped_-K_17 (11).jpg
-K_No Flash,-K,No Flash,flipped_-K_2 (22).jpg
-K_No Flash,-K,No Flash,flipped_-K_12 (2).jpg
-K_No Flash,-K,No Flash,-K_9 (4).jpg
-K_No Flash,-K,No Flash,-K_5 (12).jpg
-K_No Flash,-K,No Flash,flipped_-K_2 (16).jpg
-K_No Flash,-K,No Flash,flipped_-K_6 (20).jpg
-K_No Flash,-K,No Flash,flipped_-K_10 (4).jpg
-K_No Flash,-K,No Flash,flipped_-K_24 (12).jpg
-K_No Flash,-K,No Flash,-K_18 (3).jpg
-K_No Flash,-K,No Flash,flipped_-K_3 (12).jpg
-K_No Flash,-K,No Flash,-K_4 (9).jpg
-K_No Flash,-K,No Flash,-K_24 (11).jpg
-K_No Flash,-K,No Flash,flipped_-K_6.jpg
-K_No Flash,-K,No Flash,-K_22 (11).jpg
-K_No Flash,-K,No Flash,-K_13 (4).jpg
-K_No Flash,-K,No Flash,-K_4.jpg
-K_No Flash,-K,No Flash,flipped_-K_21 (11).jpg
-K_No Flash,-K,No Flash,flipped_-K_18 (8).jpg
-K_No Flash,-K,No Flash,flipped_-K_19 (9).jpg
-K_No Flash,-K,No Flash,-K_6 (20).jpg
-K_No Flash,-K,No Flash,-K_2 (4).jpg
-K_No Flash,-K,No Flash,-K_16 (12).jpg
-K_No Flash,-K,No Flash,-K_7.jpg
-K_No Flash,-K,No Flash,-K_24 (14).jpg
-K_No Flash,-K,No Flash,flipped_-K_2 (7).jpg
-K_No Flash,-K,No Flash,flipped_-K_9 (4).jpg
-K_No Flash,-K,No Flash,flipped_-K_24 (2).jpg
-K_No Flash,-K,No Flash,-K_24 (15).jpg
-K_No Flash,-K,No Flash,-K_3 (16).jpg
-K_No Flash,-K,No Flash,flipped_-K_19 (4).jpg
-K_No Flash,-K,No Flash,flipped_-K_5 (2).jpg
-K_No Flash,-K,No Flash,-K_9 (6).jpg
-K_No Flash,-K,No Flash,flipped_-K_9 (9).jpg
-K_No Flash,-K,No Flash,flipped_-K_6 (19).jpg
-K_No Flash,-K,No Flash,-K_7 (13).jpg
-K_No Flash,-K,No Flash,-K_9 (12).jpg
-K_No Flash,-K,No Flash,-K_19 (12).jpg
-K_No Flash,-K,No Flash,-K_8 (14).jpg
-K_No Flash,-K,No Flash,-K_4 (15).jpg
-K_No Flash,-K,No Flash,-K_13 (3).jpg
-K_No Flash,-K,No Flash,flipped_-K_3 (10).jpg
-K_No Flash,-K,No Flash,-K_20 (3).jpg
-K_No Flash,-K,No Flash,flipped_-K_19 (12).jpg
-K_No Flash,-K,No Flash,-K_19 (6).jpg
-K_No Flash,-K,No Flash,flipped_-K_24 (3).jpg
-K_No Flash,-K,No Flash,-K_12 (12).jpg
-K_No Flash,-K,No Flash,-K_21 (3).jpg
-K_No Flash,-K,No Flash,-K_13 (2).jpg
-K_No Flash,-K,No Flash,flipped_-K_3 (6).jpg
-K_No Flash,-K,No Flash,flipped_-K_10 (8).jpg
-K_No Flash,-K,No Flash,-K_10 (8).jpg
-K_No Flash,-K,No Flash,flipped_-K_20 (2).jpg
-K_No Flash,-K,No Flash,flipped_-K_22 (2).jpg
-K_No Flash,-K,No Flash,-K_16 (6).jpg
-K_No Flash,-K,No Flash,-K_14 (9).jpg
-K_No Flash,-K,No Flash,flipped_-K_24 (5).jpg
-K_No Flash,-K,No Flash,flipped_-K_2 (8).jpg
-K_No Flash,-K,No Flash,flipped_-K_11 (13).jpg
-K_No Flash,-K,No Flash,flipped_-K_8 (5).jpg
-K_No Flash,-K,No Flash,-K_24 (10).jpg
-K_No Flash,-K,No Flash,flipped_-K_17 (3).jpg
-K_No Flash,-K,No Flash,flipped_-K_3 (15).jpg
-K_No Flash,-K,No Flash,flipped_-K_2 (14).jpg
-K_No Flash,-K,No Flash,flipped_-K_19 (5).jpg
-K_No Flash,-K,No Flash,-K_19 (2).jpg
-K_No Flash,-K,No Flash,flipped_-K_8 (11).jpg
-K_No Flash,-K,No Flash,flipped_-K_20 (12).jpg
-K_No Flash,-K,No Flash,-K_3 (4).jpg
-K_No Flash,-K,No Flash,-K_18 (12).jpg
-K_No Flash,-K,No Flash,flipped_-K_5 (14).jpg
-K_No Flash,-K,No Flash,flipped_-K_21 (8).jpg
-K_No Flash,-K,No Flash,flipped_-K_24 (13).jpg
-K_No Flash,-K,No Flash,-K_4 (10).jpg
-K_No Flash,-K,No Flash,flipped_-K_23 (8).jpg
-K_No Flash,-K,No Flash,flipped_-K_4 (10).jpg
-K_No Flash,-K,No Flash,-K_3 (5).jpg
-K_No Flash,-K,No Flash,-K_7 (4).jpg
-K_No Flash,-K,No Flash,flipped_-K_6 (8).jpg
-K_No Flash,-K,No Flash,flipped_-K_3 (9).jpg
-K_No Flash,-K,No Flash,flipped_-K_6 (16).jpg
-K_No Flash,-K,No Flash,flipped_-K_20 (6).jpg
-K_No Flash,-K,No Flash,-K_12 (9).jpg
-K_No Flash,-K,No Flash,-K_6 (4).jpg
-K_No Flash,-K,No Flash,-K_14 (7).jpg
-K_No Flash,-K,No Flash,-K_9 (2).jpg
-K_No Flash,-K,No Flash,flipped_-K_5 (19).jpg
-K_No Flash,-K,No Flash,-K_4 (3).jpg
-K_No Flash,-K,No Flash,flipped_-K_23 (9).jpg
-K_No Flash,-K,No Flash,-K_23 (5).jpg
-K_No Flash,-K,No Flash,-K_9 (3).jpg
-K_No Flash,-K,No Flash,-K_2 (6).jpg
-K_No Flash,-K,No Flash,-K_4 (12).jpg
-K_No Flash,-K,No Flash,flipped_-K_6 (21).jpg
-K_No Flash,-K,No Flash,flipped_-K_9 (13).jpg
-K_No Flash,-K,No Flash,-K_12 (10).jpg
-K_No Flash,-K,No Flash,flipped_-K_16 (6).jpg
-K_No Flash,-K,No Flash,flipped_-K_21 (10).jpg
-K_No Flash,-K,No Flash,-K_6 (12).jpg
-K_No Flash,-K,No Flash,-K_16 (7).jpg
-K_No Flash,-K,No Flash,-K_8 (6).jpg
-K_No Flash,-K,No Flash,-K_3 (15).jpg
-K_No Flash,-K,No Flash,-K_4 (8).jpg
-K_No Flash,-K,No Flash,-K_18 (9).jpg
-K_No Flash,-K,No Flash,-K_18 (16).jpg
-K_No Flash,-K,No Flash,flipped_-K_10 (9).jpg
-K_No Flash,-K,No Flash,flipped_-K_22 (9).jpg
-K_No Flash,-K,No Flash,-K_3 (3).jpg
-K_No Flash,-K,No Flash,-K_5 (2).jpg
-K_No Flash,-K,No Flash,flipped_-K_18 (5).jpg
-K_No Flash,-K,No Flash,-K_7 (16).jpg
-K_No Flash,-K,No Flash,flipped_-K_9 (14).jpg
-K_No Flash,-K,No Flash,flipped_-K_23 (14).jpg
-K_No Flash,-K,No Flash,-K_3 (6).jpg
-K_No Flash,-K,No Flash,-K_21 (11).jpg
-K_No Flash,-K,No Flash,-K_7 (15).jpg
-K_No Flash,-K,No Flash,flipped_-K_7 (14).jpg
-K_No Flash,-K,No Flash,flipped_-K_8 (3).jpg
-K_No Flash,-K,No Flash,-K_6 (8).jpg
-K_No Flash,-K,No Flash,flipped_-K_9 (7).jpg
-K_No Flash,-K,No Flash,flipped_-K_19 (3).jpg
-K_No Flash,-K,No Flash,flipped_-K_3 (7).jpg
-K_No Flash,-K,No Flash,-K_20 (2).jpg
-K_No Flash,-K,No Flash,flipped_-K_2 (20).jpg
-K_No Flash,-K,No Flash,-K_4 (18).jpg
-K_No Flash,-K,No Flash,flipped_-K_12 (9).jpg
-K_No Flash,-K,No Flash,-K_10 (2).jpg
-K_No Flash,-K,No Flash,-K_20 (8).jpg
-K_No Flash,-K,No Flash,-K_7 (8).jpg
-K_No Flash,-K,No Flash,flipped_-K_19 (10).jpg
-K_No Flash,-K,No Flash,-K_5 (19).jpg
-K_No Flash,-K,No Flash,flipped_-K_7 (5).jpg
-K_No Flash,-K,No Flash,-K_20 (6).jpg
-K_No Flash,-K,No Flash,flipped_-K_20 (13).jpg
-K_No Flash,-K,No Flash,flipped_-K_12 (8).jpg
-K_No Flash,-K,No Flash,-K_3 (14).jpg
-K_No Flash,-K,No Flash,-K_17 (8).jpg
-K_No Flash,-K,No Flash,-K_16 (10).jpg
-K_No Flash,-K,No Flash,-K_6.jpg
-K_No Flash,-K,No Flash,flipped_-K_16 (14).jpg
-K_No Flash,-K,No Flash,flipped_-K_16 (2).jpg
-K_No Flash,-K,No Flash,flipped_-K_11 (6).jpg
-K_No Flash,-K,No Flash,flipped_-K_23 (2).jpg
-K_No Flash,-K,No Flash,flipped_-K_5 (6).jpg
-K_No Flash,-K,No Flash,-K_10 (5).jpg
-K_No Flash,-K,No Flash,flipped_-K_12 (11).jpg
-K_No Flash,-K,No Flash,-K_3 (9).jpg
-K_No Flash,-K,No Flash,flipped_-K_9 (2).jpg
-K_No Flash,-K,No Flash,flipped_-K_19 (6).jpg
-K_No Flash,-K,No Flash,-K_16 (15).jpg
-K_No Flash,-K,No Flash,flipped_-K_16 (10).jpg
-K_No Flash,-K,No Flash,-K_8 (5).jpg
-K_No Flash,-K,No Flash,flipped_-K_2 (10).jpg
-K_No Flash,-K,No Flash,-K_18 (4).jpg
-K_No Flash,-K,No Flash,flipped_-K_13.jpg
-K_No Flash,-K,No Flash,flipped_-K_10 (12).jpg
-K_No Flash,-K,No Flash,flipped_-K_12 (12).jpg
-K_No Flash,-K,No Flash,-K_17 (6).jpg
-K_No Flash,-K,No Flash,flipped_-K_13 (5).jpg
-K_No Flash,-K,No Flash,flipped_-K_23 (11).jpg
-K_No Flash,-K,No Flash,-K_24 (4).jpg
-K_No Flash,-K,No Flash,flipped_-K_21 (9).jpg
-K_No Flash,-K,No Flash,-K_5 (5).jpg
-K_No Flash,-K,No Flash,-K_23 (6).jpg
-K_No Flash,-K,No Flash,-K_9 (9).jpg
-K_No Flash,-K,No Flash,-K_22 (6).jpg
-K_No Flash,-K,No Flash,flipped_-K_9 (5).jpg
-K_No Flash,-K,No Flash,-K_22.jpg
-K_No Flash,-K,No Flash,flipped_-K_17 (2).jpg
-K_No Flash,-K,No Flash,-K_2 (15).jpg
-K_No Flash,-K,No Flash,-K_21 (4).jpg
-K_No Flash,-K,No Flash,-K_21 (9).jpg
-K_No Flash,-K,No Flash,flipped_-K_8 (21).jpg
-K_No Flash,-K,No Flash,flipped_-K_22 (6).jpg
-K_No Flash,-K,No Flash,-K_23 (7).jpg
-K_No Flash,-K,No Flash,flipped_-K_13 (10).jpg
-K_No Flash,-K,No Flash,flipped_-K_4 (6).jpg
-K_No Flash,-K,No Flash,-K_7 (14).jpg
-K_No Flash,-K,No Flash,flipped_-K_12.jpg
-K_No Flash,-K,No Flash,-K_17 (5).jpg
-K_No Flash,-K,No Flash,flipped_-K_10 (5).jpg
-K_No Flash,-K,No Flash,-K_1 (2).jpg
-K_No Flash,-K,No Flash,-K_12.jpg
-K_No Flash,-K,No Flash,-K_21 (2).jpg
-K_No Flash,-K,No Flash,flipped_-K_24 (6).jpg
-K_No Flash,-K,No Flash,-K_8 (9).jpg
-K_No Flash,-K,No Flash,-K_2 (16).jpg
-K_No Flash,-K,No Flash,flipped_-K_13 (7).jpg
-K_No Flash,-K,No Flash,-K_24 (9).jpg
-K_No Flash,-K,No Flash,flipped_-K_9.jpg
-K_No Flash,-K,No Flash,-K_24 (13).jpg
-K_No Flash,-K,No Flash,flipped_-K_17 (7).jpg
-K_No Flash,-K,No Flash,-K_9 (14).jpg
-K_No Flash,-K,No Flash,-K_3.jpg
-K_No Flash,-K,No Flash,flipped_-K_16.jpg
-K_No Flash,-K,No Flash,flipped_-K_11 (4).jpg
-K_No Flash,-K,No Flash,-K_19 (9).jpg
-K_No Flash,-K,No Flash,flipped_-K_14 (2).jpg
-K_No Flash,-K,No Flash,flipped_-K_20 (7).jpg
-K_No Flash,-K,No Flash,flipped_-K_9 (15).jpg
-K_No Flash,-K,No Flash,-K_24.jpg
-K_No Flash,-K,No Flash,-K_11 (2).jpg
-K_No Flash,-K,No Flash,flipped_-K_14 (9).jpg
-K_No Flash,-K,No Flash,flipped_-K_18 (6).jpg
-K_No Flash,-K,No Flash,-K_1 (5).jpg
-K_No Flash,-K,No Flash,-K_2 (17).jpg
-K_No Flash,-K,No Flash,-K_8.jpg
-K_No Flash,-K,No Flash,-K_22 (2).jpg
-K_No Flash,-K,No Flash,-K_6 (14).jpg
-K_No Flash,-K,No Flash,flipped_-K_4 (11).jpg
-K_No Flash,-K,No Flash,-K_3 (10).jpg
-K_No Flash,-K,No Flash,flipped_-K_11 (9).jpg
-K_No Flash,-K,No Flash,-K_7 (9).jpg
-K_No Flash,-K,No Flash,flipped_-K_2 (12).jpg
-K_No Flash,-K,No Flash,flipped_-K_2 (11).jpg
-K_No Flash,-K,No Flash,flipped_-K_9 (6).jpg
-K_No Flash,-K,No Flash,flipped_-K_18 (15).jpg
-K_No Flash,-K,No Flash,flipped_-K_19 (15).jpg
-K_No Flash,-K,No Flash,flipped_-K_24 (15).jpg
-K_No Flash,-K,No Flash,flipped_-K_22 (3).jpg
-K_No Flash,-K,No Flash,flipped_-K_19 (13).jpg
-K_No Flash,-K,No Flash,-K_14.jpg
-K_No Flash,-K,No Flash,-K_6 (17).jpg
-K_No Flash,-K,No Flash,-K_19.jpg
-K_No Flash,-K,No Flash,-K_4 (21).jpg
-K_No Flash,-K,No Flash,flipped_-K_20 (11).jpg
-K_No Flash,-K,No Flash,-K_8 (15).jpg
-K_No Flash,-K,No Flash,flipped_-K_4 (12).jpg
-K_No Flash,-K,No Flash,-K_2 (2).jpg
-K_No Flash,-K,No Flash,-K_1 (9).jpg
-K_No Flash,-K,No Flash,flipped_-K_6 (6).jpg
-K_No Flash,-K,No Flash,-K_6 (7).jpg
-K_No Flash,-K,No Flash,flipped_-K_2 (5).jpg
-K_No Flash,-K,No Flash,-K_22 (15).jpg
-K_No Flash,-K,No Flash,flipped_-K_2 (18).jpg
-K_No Flash,-K,No Flash,-K_8 (8).jpg
-K_No Flash,-K,No Flash,-K_13 (8).jpg
-K_No Flash,-K,No Flash,-K_11 (6).jpg
-K_No Flash,-K,No Flash,-K_18 (15).jpg
-K_No Flash,-K,No Flash,flipped_-K_19 (8).jpg
-K_No Flash,-K,No Flash,flipped_-K_3 (22).jpg
-K_No Flash,-K,No Flash,flipped_-K_7 (7).jpg
-K_No Flash,-K,No Flash,flipped_-K_5 (13).jpg
-K_No Flash,-K,No Flash,-K_14 (5).jpg
-K_No Flash,-K,No Flash,flipped_-K_18 (7).jpg
-K_No Flash,-K,No Flash,-K_4 (4).jpg
-K_No Flash,-K,No Flash,flipped_-K_12 (6).jpg
-K_No Flash,-K,No Flash,flipped_-K_7 (15).jpg
-K_No Flash,-K,No Flash,flipped_-K_14 (6).jpg
-K_No Flash,-K,No Flash,-K_23 (9).jpg
-K_No Flash,-K,No Flash,flipped_-K_16 (8).jpg
-K_No Flash,-K,No Flash,flipped_-K_19.jpg
-K_No Flash,-K,No Flash,-K_21 (13).jpg
-K_No Flash,-K,No Flash,-K_12 (2).jpg
-K_No Flash,-K,No Flash,flipped_-K_4 (9).jpg
-K_No Flash,-K,No Flash,flipped_-K_3 (19).jpg
-K_No Flash,-K,No Flash,flipped_-K_18 (9).jpg
-K_No Flash,-K,No Flash,flipped_-K_18 (12).jpg
-K_No Flash,-K,No Flash,flipped_-K_4 (2).jpg
-K_No Flash,-K,No Flash,-K_20.jpg
-K_No Flash,-K,No Flash,-K_19 (8).jpg
-K_No Flash,-K,No Flash,-K_20 (15).jpg
-K_No Flash,-K,No Flash,-K_8 (12).jpg
-K_No Flash,-K,No Flash,-K_14 (4).jpg
-K_No Flash,-K,No Flash,flipped_-K_18 (10).jpg
-K_No Flash,-K,No Flash,-K_6 (22).jpg
-K_No Flash,-K,No Flash,flipped_-K_7 (19).jpg
-K_No Flash,-K,No Flash,flipped_-K_4 (21).jpg
-K_No Flash,-K,No Flash,-K_6 (9).jpg
-K_No Flash,-K,No Flash,flipped_-K_5 (5).jpg
-K_No Flash,-K,No Flash,-K_20 (5).jpg
-K_No Flash,-K,No Flash,-K_13 (5).jpg
-K_No Flash,-K,No Flash,flipped_-K_20 (8).jpg
-K_No Flash,-K,No Flash,flipped_-K_2 (15).jpg
-K_No Flash,-K,No Flash,flipped_-K_19 (2).jpg
-K_No Flash,-K,No Flash,-K_9 (15).jpg
-K_No Flash,-K,No Flash,flipped_-K_8 (2).jpg
-K_No Flash,-K,No Flash,flipped_-K_4 (5).jpg
-K_No Flash,-K,No Flash,-K_24 (5).jpg
-K_No Flash,-K,No Flash,-K_6 (6).jpg
-K_No Flash,-K,No Flash,-K_16 (4).jpg
-K_No Flash,-K,No Flash,flipped_-K_22 (15).jpg
-K_No Flash,-K,No Flash,-K_1 (6).jpg
-K_No Flash,-K,No Flash,flipped_-K_23 (3).jpg
-K_No Flash,-K,No Flash,flipped_-K_17 (5).jpg
-K_No Flash,-K,No Flash,flipped_-K_5 (21).jpg
-K_No Flash,-K,No Flash,-K_2 (3).jpg
-K_No Flash,-K,No Flash,flipped_-K_21 (15).jpg
-K_No Flash,-K,No Flash,flipped_-K_8 (9).jpg
-K_No Flash,-K,No Flash,flipped_-K_1 (9).jpg
-K_No Flash,-K,No Flash,flipped_-K_6 (10).jpg
-K_No Flash,-K,No Flash,-K_11 (11).jpg
-K_No Flash,-K,No Flash,flipped_-K_6 (17).jpg
-K_No Flash,-K,No Flash,-K_5 (17).jpg
-K_No Flash,-K,No Flash,-K_5 (4).jpg
-K_No Flash,-K,No Flash,-K_5 (11).jpg
-K_No Flash,-K,No Flash,flipped_-K_13 (9).jpg
-K_No Flash,-K,No Flash,-K_5 (21).jpg
-K_No Flash,-K,No Flash,-K_24 (6).jpg
-K_No Flash,-K,No Flash,flipped_-K_6 (18).jpg
-K_No Flash,-K,No Flash,-K_7 (17).jpg
-K_No Flash,-K,No Flash,flipped_-K_16 (12).jpg
-K_No Flash,-K,No Flash,-K_19 (4).jpg
-K_No Flash,-K,No Flash,-K_17 (10).jpg
-K_No Flash,-K,No Flash,flipped_-K_9 (10).jpg
-K_No Flash,-K,No Flash,-K_10 (3).jpg
-K_No Flash,-K,No Flash,flipped_-K_17 (12).jpg
-K_No Flash,-K,No Flash,flipped_-K_8 (15).jpg
-K_No Flash,-K,No Flash,-K_20 (7).jpg
-K_No Flash,-K,No Flash,flipped_-K_9 (3).jpg
-K_No Flash,-K,No Flash,-K_3 (22).jpg
-K_No Flash,-K,No Flash,flipped_-K_1.jpg
-K_No Flash,-K,No Flash,flipped_-K_19 (11).jpg
-K_No Flash,-K,No Flash,flipped_-K_20 (10).jpg
-K_No Flash,-K,No Flash,flipped_-K_16 (13).jpg
-K_No Flash,-K,No Flash,flipped_-K_20 (3).jpg
-K_No Flash,-K,No Flash,-K_23 (10).jpg
-K_No Flash,-K,No Flash,-K_22 (7).jpg
-K_No Flash,-K,No Flash,-K_19 (15).jpg
-K_No Flash,-K,No Flash,flipped_-K_23 (10).jpg
-K_No Flash,-K,No Flash,flipped_-K_3 (20).jpg
-K_No Flash,-K,No Flash,-K_21 (10).jpg
-K_No Flash,-K,No Flash,-K_14 (8).jpg
-K_No Flash,-K,No Flash,flipped_-K_18 (14).jpg
-K_No Flash,-K,No Flash,flipped_-K_10 (3).jpg
-K_No Flash,-K,No Flash,flipped_-K_7 (11).jpg
-K_No Flash,-K,No Flash,-K_18 (5).jpg
-K_No Flash,-K,No Flash,flipped_-K_7 (21).jpg
-K_No Flash,-K,No Flash,-K_7 (6).jpg
-K_No Flash,-K,No Flash,flipped_-K_18 (4).jpg
-K_No Flash,-K,No Flash,-K_8 (20).jpg
-K_No Flash,-K,No Flash,flipped_-K_5 (16).jpg
-K_No Flash,-K,No Flash,flipped_-K_11.jpg
-K_No Flash,-K,No Flash,flipped_-K_23 (5).jpg
-K_No Flash,-K,No Flash,-K_17 (9).jpg
-K_No Flash,-K,No Flash,flipped_-K_14 (7).jpg
-K_No Flash,-K,No Flash,-K_17 (12).jpg
-K_No Flash,-K,No Flash,flipped_-K_4 (17).jpg
-K_No Flash,-K,No Flash,-K_8 (3).jpg
-K_No Flash,-K,No Flash,flipped_-K_17 (13).jpg
-K_No Flash,-K,No Flash,flipped_-K_12 (7).jpg
-K_No Flash,-K,No Flash,-K_20 (11).jpg
-K_No Flash,-K,No Flash,flipped_-K_20 (9).jpg
-K_No Flash,-K,No Flash,-K_12 (3).jpg
-K_No Flash,-K,No Flash,flipped_-K_7 (18).jpg
-K_No Flash,-K,No Flash,flipped_-K_7.jpg
-K_No Flash,-K,No Flash,flipped_-K_6 (3).jpg
